user_id_24026/Dashboard_User_id_24026_NoAudio_3_1,240,18,18,10,24026,Dashboard,None
user_id_24026/Dashboard_User_id_24026_NoAudio_3_2,720,10,18,9,24026,Dashboard,None
user_id_24026/Dashboard_User_id_24026_NoAudio_3_3,270,18,18,9,24026,Dashboard,None
user_id_24026/Dashboard_User_id_24026_NoAudio_3_4,570,9,10,0,24026,Dashboard,None
user_id_24026/Dashboard_User_id_24026_NoAudio_3_5,270,18,10,0,24026,Dashboard,None
user_id_24026/Dashboard_User_id_24026_NoAudio_3_6,540,0,9,3,24026,Dashboard,None
user_id_24026/Dashboard_User_id_24026_NoAudio_3_7,270,18,9,3,24026,Dashboard,None
user_id_24026/Dashboard_User_id_24026_NoAudio_3_8,750,3,0,1,24026,Dashboard,None
user_id_24026/Dashboard_User_id_24026_NoAudio_3_9,270,18,0,1,24026,Dashboard,None
user_id_24026/Dashboard_User_id_24026_NoAudio_3_10,540,1,3,12,24026,Dashboard,None
user_id_24026/Dashboard_User_id_24026_NoAudio_3_11,270,18,3,12,24026,Dashboard,None
user_id_24026/Dashboard_User_id_24026_NoAudio_3_12,690,12,1,2,24026,Dashboard,None
user_id_24026/Dashboard_User_id_24026_NoAudio_3_13,270,18,1,2,24026,Dashboard,None
user_id_24026/Dashboard_User_id_24026_NoAudio_3_14,480,2,12,8,24026,Dashboard,None
user_id_24026/Dashboard_User_id_24026_NoAudio_3_15,270,18,12,8,24026,Dashboard,None
user_id_24026/Dashboard_User_id_24026_NoAudio_3_16,750,8,2,7,24026,Dashboard,None
user_id_24026/Dashboard_User_id_24026_NoAudio_3_17,270,18,2,7,24026,Dashboard,None
user_id_24026/Dashboard_User_id_24026_NoAudio_3_18,750,7,8,17,24026,Dashboard,None
user_id_24026/Dashboard_User_id_24026_NoAudio_3_19,270,18,8,17,24026,Dashboard,None
user_id_24026/Dashboard_User_id_24026_NoAudio_3_20,690,17,7,16,24026,Dashboard,None
user_id_24026/Dashboard_User_id_24026_NoAudio_3_21,270,18,7,16,24026,Dashboard,None
user_id_24026/Dashboard_User_id_24026_NoAudio_3_22,540,16,17,6,24026,Dashboard,None
user_id_24026/Dashboard_User_id_24026_NoAudio_3_23,270,18,17,6,24026,Dashboard,None
user_id_24026/Dashboard_User_id_24026_NoAudio_3_24,570,6,16,5,24026,Dashboard,None
user_id_24026/Dashboard_User_id_24026_NoAudio_3_25,270,18,16,5,24026,Dashboard,None
user_id_24026/Dashboard_User_id_24026_NoAudio_3_26,510,5,6,14,24026,Dashboard,None
user_id_24026/Dashboard_User_id_24026_NoAudio_3_27,270,18,6,14,24026,Dashboard,None
user_id_24026/Dashboard_User_id_24026_NoAudio_3_28,690,14,5,15,24026,Dashboard,None
user_id_24026/Dashboard_User_id_24026_NoAudio_3_29,270,18,5,15,24026,Dashboard,None
user_id_24026/Dashboard_User_id_24026_NoAudio_3_30,570,15,14,13,24026,Dashboard,None
user_id_24026/Dashboard_User_id_24026_NoAudio_3_31,270,18,14,13,24026,Dashboard,None
user_id_24026/Dashboard_User_id_24026_NoAudio_3_32,570,13,15,11,24026,Dashboard,None
user_id_24026/Dashboard_User_id_24026_NoAudio_3_33,270,18,15,11,24026,Dashboard,None
user_id_24026/Dashboard_User_id_24026_NoAudio_3_34,690,11,13,4,24026,Dashboard,None
user_id_24026/Dashboard_User_id_24026_NoAudio_3_35,270,18,13,4,24026,Dashboard,None
user_id_24026/Dashboard_User_id_24026_NoAudio_3_36,480,4,11,18,24026,Dashboard,None
user_id_24026/Rear_view_User_id_24026_NoAudio_3_1,240,18,18,10,24026,Rear_view,None
user_id_24026/Rear_view_User_id_24026_NoAudio_3_2,720,10,18,9,24026,Rear_view,None
user_id_24026/Rear_view_User_id_24026_NoAudio_3_3,270,18,18,9,24026,Rear_view,None
user_id_24026/Rear_view_User_id_24026_NoAudio_3_4,570,9,10,0,24026,Rear_view,None
user_id_24026/Rear_view_User_id_24026_NoAudio_3_5,270,18,10,0,24026,Rear_view,None
user_id_24026/Rear_view_User_id_24026_NoAudio_3_6,540,0,9,3,24026,Rear_view,None
user_id_24026/Rear_view_User_id_24026_NoAudio_3_7,270,18,9,3,24026,Rear_view,None
user_id_24026/Rear_view_User_id_24026_NoAudio_3_8,750,3,0,1,24026,Rear_view,None
user_id_24026/Rear_view_User_id_24026_NoAudio_3_9,270,18,0,1,24026,Rear_view,None
user_id_24026/Rear_view_User_id_24026_NoAudio_3_10,540,1,3,12,24026,Rear_view,None
user_id_24026/Rear_view_User_id_24026_NoAudio_3_11,270,18,3,12,24026,Rear_view,None
user_id_24026/Rear_view_User_id_24026_NoAudio_3_12,690,12,1,2,24026,Rear_view,None
user_id_24026/Rear_view_User_id_24026_NoAudio_3_13,270,18,1,2,24026,Rear_view,None
user_id_24026/Rear_view_User_id_24026_NoAudio_3_14,480,2,12,8,24026,Rear_view,None
user_id_24026/Rear_view_User_id_24026_NoAudio_3_15,270,18,12,8,24026,Rear_view,None
user_id_24026/Rear_view_User_id_24026_NoAudio_3_16,750,8,2,7,24026,Rear_view,None
user_id_24026/Rear_view_User_id_24026_NoAudio_3_17,270,18,2,7,24026,Rear_view,None
user_id_24026/Rear_view_User_id_24026_NoAudio_3_18,750,7,8,17,24026,Rear_view,None
user_id_24026/Rear_view_User_id_24026_NoAudio_3_19,270,18,8,17,24026,Rear_view,None
user_id_24026/Rear_view_User_id_24026_NoAudio_3_20,690,17,7,16,24026,Rear_view,None
user_id_24026/Rear_view_User_id_24026_NoAudio_3_21,270,18,7,16,24026,Rear_view,None
user_id_24026/Rear_view_User_id_24026_NoAudio_3_22,540,16,17,6,24026,Rear_view,None
user_id_24026/Rear_view_User_id_24026_NoAudio_3_23,270,18,17,6,24026,Rear_view,None
user_id_24026/Rear_view_User_id_24026_NoAudio_3_24,570,6,16,5,24026,Rear_view,None
user_id_24026/Rear_view_User_id_24026_NoAudio_3_25,270,18,16,5,24026,Rear_view,None
user_id_24026/Rear_view_User_id_24026_NoAudio_3_26,510,5,6,14,24026,Rear_view,None
user_id_24026/Rear_view_User_id_24026_NoAudio_3_27,270,18,6,14,24026,Rear_view,None
user_id_24026/Rear_view_User_id_24026_NoAudio_3_28,690,14,5,15,24026,Rear_view,None
user_id_24026/Rear_view_User_id_24026_NoAudio_3_29,270,18,5,15,24026,Rear_view,None
user_id_24026/Rear_view_User_id_24026_NoAudio_3_30,570,15,14,13,24026,Rear_view,None
user_id_24026/Rear_view_User_id_24026_NoAudio_3_31,270,18,14,13,24026,Rear_view,None
user_id_24026/Rear_view_User_id_24026_NoAudio_3_32,570,13,15,11,24026,Rear_view,None
user_id_24026/Rear_view_User_id_24026_NoAudio_3_33,270,18,15,11,24026,Rear_view,None
user_id_24026/Rear_view_User_id_24026_NoAudio_3_34,690,11,13,4,24026,Rear_view,None
user_id_24026/Rear_view_User_id_24026_NoAudio_3_35,270,18,13,4,24026,Rear_view,None
user_id_24026/Rear_view_User_id_24026_NoAudio_3_36,480,4,11,18,24026,Rear_view,None
user_id_24026/Right_side_window_User_id_24026_NoAudio_3_1,240,18,4,10,24026,Rightside_window,None
user_id_24026/Right_side_window_User_id_24026_NoAudio_3_2,720,10,18,9,24026,Rightside_window,None
user_id_24026/Right_side_window_User_id_24026_NoAudio_3_3,270,18,18,9,24026,Rightside_window,None
user_id_24026/Right_side_window_User_id_24026_NoAudio_3_4,570,9,10,0,24026,Rightside_window,None
user_id_24026/Right_side_window_User_id_24026_NoAudio_3_5,270,18,10,0,24026,Rightside_window,None
user_id_24026/Right_side_window_User_id_24026_NoAudio_3_6,540,0,9,3,24026,Rightside_window,None
user_id_24026/Right_side_window_User_id_24026_NoAudio_3_7,270,18,9,3,24026,Rightside_window,None
user_id_24026/Right_side_window_User_id_24026_NoAudio_3_8,750,3,0,1,24026,Rightside_window,None
user_id_24026/Right_side_window_User_id_24026_NoAudio_3_9,270,18,0,1,24026,Rightside_window,None
user_id_24026/Right_side_window_User_id_24026_NoAudio_3_10,540,1,3,12,24026,Rightside_window,None
user_id_24026/Right_side_window_User_id_24026_NoAudio_3_11,270,18,3,12,24026,Rightside_window,None
user_id_24026/Right_side_window_User_id_24026_NoAudio_3_12,690,12,1,2,24026,Rightside_window,None
user_id_24026/Right_side_window_User_id_24026_NoAudio_3_13,270,18,1,2,24026,Rightside_window,None
user_id_24026/Right_side_window_User_id_24026_NoAudio_3_14,480,2,12,8,24026,Rightside_window,None
user_id_24026/Right_side_window_User_id_24026_NoAudio_3_15,270,18,12,8,24026,Rightside_window,None
user_id_24026/Right_side_window_User_id_24026_NoAudio_3_16,750,8,2,7,24026,Rightside_window,None
user_id_24026/Right_side_window_User_id_24026_NoAudio_3_17,270,18,2,7,24026,Rightside_window,None
user_id_24026/Right_side_window_User_id_24026_NoAudio_3_18,750,7,8,17,24026,Rightside_window,None
user_id_24026/Right_side_window_User_id_24026_NoAudio_3_19,270,18,8,17,24026,Rightside_window,None
user_id_24026/Right_side_window_User_id_24026_NoAudio_3_20,690,17,7,16,24026,Rightside_window,None
user_id_24026/Right_side_window_User_id_24026_NoAudio_3_21,270,18,7,16,24026,Rightside_window,None
user_id_24026/Right_side_window_User_id_24026_NoAudio_3_22,540,16,17,6,24026,Rightside_window,None
user_id_24026/Right_side_window_User_id_24026_NoAudio_3_23,270,18,17,6,24026,Rightside_window,None
user_id_24026/Right_side_window_User_id_24026_NoAudio_3_24,570,6,16,5,24026,Rightside_window,None
user_id_24026/Right_side_window_User_id_24026_NoAudio_3_25,270,18,16,5,24026,Rightside_window,None
user_id_24026/Right_side_window_User_id_24026_NoAudio_3_26,510,5,6,14,24026,Rightside_window,None
user_id_24026/Right_side_window_User_id_24026_NoAudio_3_27,270,18,6,14,24026,Rightside_window,None
user_id_24026/Right_side_window_User_id_24026_NoAudio_3_28,690,14,5,15,24026,Rightside_window,None
user_id_24026/Right_side_window_User_id_24026_NoAudio_3_29,270,18,5,15,24026,Rightside_window,None
user_id_24026/Right_side_window_User_id_24026_NoAudio_3_30,570,15,14,13,24026,Rightside_window,None
user_id_24026/Right_side_window_User_id_24026_NoAudio_3_31,270,18,14,13,24026,Rightside_window,None
user_id_24026/Right_side_window_User_id_24026_NoAudio_3_32,570,13,15,11,24026,Rightside_window,None
user_id_24026/Right_side_window_User_id_24026_NoAudio_3_33,270,18,15,11,24026,Rightside_window,None
user_id_24026/Right_side_window_User_id_24026_NoAudio_3_34,690,11,13,4,24026,Rightside_window,None
user_id_24026/Right_side_window_User_id_24026_NoAudio_3_35,270,18,13,4,24026,Rightside_window,None
user_id_24026/Right_side_window_User_id_24026_NoAudio_3_36,480,4,11,18,24026,Rightside_window,None
user_id_24026/Dashboard_User_id_24026_NoAudio_4_1,690,18,4,10,24026,Dashboard,Sunglass
user_id_24026/Dashboard_User_id_24026_NoAudio_4_2,720,10,18,9,24026,Dashboard,Sunglass
user_id_24026/Dashboard_User_id_24026_NoAudio_4_3,270,18,18,9,24026,Dashboard,Sunglass
user_id_24026/Dashboard_User_id_24026_NoAudio_4_4,570,9,10,0,24026,Dashboard,Sunglass
user_id_24026/Dashboard_User_id_24026_NoAudio_4_5,270,18,10,0,24026,Dashboard,Sunglass
user_id_24026/Dashboard_User_id_24026_NoAudio_4_6,540,0,9,3,24026,Dashboard,Sunglass
user_id_24026/Dashboard_User_id_24026_NoAudio_4_7,270,18,9,3,24026,Dashboard,Sunglass
user_id_24026/Dashboard_User_id_24026_NoAudio_4_8,750,3,0,1,24026,Dashboard,Sunglass
user_id_24026/Dashboard_User_id_24026_NoAudio_4_9,270,18,0,1,24026,Dashboard,Sunglass
user_id_24026/Dashboard_User_id_24026_NoAudio_4_10,540,1,3,12,24026,Dashboard,Sunglass
user_id_24026/Dashboard_User_id_24026_NoAudio_4_11,270,18,3,12,24026,Dashboard,Sunglass
user_id_24026/Dashboard_User_id_24026_NoAudio_4_12,690,12,1,2,24026,Dashboard,Sunglass
user_id_24026/Dashboard_User_id_24026_NoAudio_4_13,270,18,1,2,24026,Dashboard,Sunglass
user_id_24026/Dashboard_User_id_24026_NoAudio_4_14,480,2,12,8,24026,Dashboard,Sunglass
user_id_24026/Dashboard_User_id_24026_NoAudio_4_15,270,18,12,8,24026,Dashboard,Sunglass
user_id_24026/Dashboard_User_id_24026_NoAudio_4_16,750,8,2,7,24026,Dashboard,Sunglass
user_id_24026/Dashboard_User_id_24026_NoAudio_4_17,270,18,2,7,24026,Dashboard,Sunglass
user_id_24026/Dashboard_User_id_24026_NoAudio_4_18,750,7,8,17,24026,Dashboard,Sunglass
user_id_24026/Dashboard_User_id_24026_NoAudio_4_19,270,18,8,17,24026,Dashboard,Sunglass
user_id_24026/Dashboard_User_id_24026_NoAudio_4_20,690,17,7,16,24026,Dashboard,Sunglass
user_id_24026/Dashboard_User_id_24026_NoAudio_4_21,270,18,7,16,24026,Dashboard,Sunglass
user_id_24026/Dashboard_User_id_24026_NoAudio_4_22,570,16,17,6,24026,Dashboard,Sunglass
user_id_24026/Dashboard_User_id_24026_NoAudio_4_23,270,18,17,6,24026,Dashboard,Sunglass
user_id_24026/Dashboard_User_id_24026_NoAudio_4_24,570,6,16,5,24026,Dashboard,Sunglass
user_id_24026/Dashboard_User_id_24026_NoAudio_4_25,270,18,16,5,24026,Dashboard,Sunglass
user_id_24026/Dashboard_User_id_24026_NoAudio_4_26,510,5,6,14,24026,Dashboard,Sunglass
user_id_24026/Dashboard_User_id_24026_NoAudio_4_27,270,18,6,14,24026,Dashboard,Sunglass
user_id_24026/Dashboard_User_id_24026_NoAudio_4_28,690,14,5,15,24026,Dashboard,Sunglass
user_id_24026/Dashboard_User_id_24026_NoAudio_4_29,270,18,5,15,24026,Dashboard,Sunglass
user_id_24026/Dashboard_User_id_24026_NoAudio_4_30,570,15,14,13,24026,Dashboard,Sunglass
user_id_24026/Dashboard_User_id_24026_NoAudio_4_31,270,18,14,13,24026,Dashboard,Sunglass
user_id_24026/Dashboard_User_id_24026_NoAudio_4_32,570,13,15,11,24026,Dashboard,Sunglass
user_id_24026/Dashboard_User_id_24026_NoAudio_4_33,270,18,15,11,24026,Dashboard,Sunglass
user_id_24026/Dashboard_User_id_24026_NoAudio_4_34,690,11,13,4,24026,Dashboard,Sunglass
user_id_24026/Dashboard_User_id_24026_NoAudio_4_35,270,18,13,4,24026,Dashboard,Sunglass
user_id_24026/Dashboard_User_id_24026_NoAudio_4_36,480,4,11,18,24026,Dashboard,Sunglass
user_id_24026/Dashboard_User_id_24026_NoAudio_4_37,930,18,4,18,24026,Dashboard,Sunglass
user_id_24026/Rear_view_User_id_24026_NoAudio_4_1,690,18,18,10,24026,Rear_view,Sunglass
user_id_24026/Rear_view_User_id_24026_NoAudio_4_2,720,10,18,9,24026,Rear_view,Sunglass
user_id_24026/Rear_view_User_id_24026_NoAudio_4_3,270,18,18,9,24026,Rear_view,Sunglass
user_id_24026/Rear_view_User_id_24026_NoAudio_4_4,570,9,10,0,24026,Rear_view,Sunglass
user_id_24026/Rear_view_User_id_24026_NoAudio_4_5,270,18,10,0,24026,Rear_view,Sunglass
user_id_24026/Rear_view_User_id_24026_NoAudio_4_6,540,0,9,3,24026,Rear_view,Sunglass
user_id_24026/Rear_view_User_id_24026_NoAudio_4_7,270,18,9,3,24026,Rear_view,Sunglass
user_id_24026/Rear_view_User_id_24026_NoAudio_4_8,750,3,0,1,24026,Rear_view,Sunglass
user_id_24026/Rear_view_User_id_24026_NoAudio_4_9,270,18,0,1,24026,Rear_view,Sunglass
user_id_24026/Rear_view_User_id_24026_NoAudio_4_10,540,1,3,12,24026,Rear_view,Sunglass
user_id_24026/Rear_view_User_id_24026_NoAudio_4_11,270,18,3,12,24026,Rear_view,Sunglass
user_id_24026/Rear_view_User_id_24026_NoAudio_4_12,690,12,1,2,24026,Rear_view,Sunglass
user_id_24026/Rear_view_User_id_24026_NoAudio_4_13,270,18,1,2,24026,Rear_view,Sunglass
user_id_24026/Rear_view_User_id_24026_NoAudio_4_14,480,2,12,8,24026,Rear_view,Sunglass
user_id_24026/Rear_view_User_id_24026_NoAudio_4_15,270,18,12,8,24026,Rear_view,Sunglass
user_id_24026/Rear_view_User_id_24026_NoAudio_4_16,750,8,2,7,24026,Rear_view,Sunglass
user_id_24026/Rear_view_User_id_24026_NoAudio_4_17,270,18,2,7,24026,Rear_view,Sunglass
user_id_24026/Rear_view_User_id_24026_NoAudio_4_18,750,7,8,17,24026,Rear_view,Sunglass
user_id_24026/Rear_view_User_id_24026_NoAudio_4_19,270,18,8,17,24026,Rear_view,Sunglass
user_id_24026/Rear_view_User_id_24026_NoAudio_4_20,690,17,7,16,24026,Rear_view,Sunglass
user_id_24026/Rear_view_User_id_24026_NoAudio_4_21,270,18,7,16,24026,Rear_view,Sunglass
user_id_24026/Rear_view_User_id_24026_NoAudio_4_22,570,16,17,6,24026,Rear_view,Sunglass
user_id_24026/Rear_view_User_id_24026_NoAudio_4_23,270,18,17,6,24026,Rear_view,Sunglass
user_id_24026/Rear_view_User_id_24026_NoAudio_4_24,570,6,16,5,24026,Rear_view,Sunglass
user_id_24026/Rear_view_User_id_24026_NoAudio_4_25,270,18,16,5,24026,Rear_view,Sunglass
user_id_24026/Rear_view_User_id_24026_NoAudio_4_26,510,5,6,14,24026,Rear_view,Sunglass
user_id_24026/Rear_view_User_id_24026_NoAudio_4_27,270,18,6,14,24026,Rear_view,Sunglass
user_id_24026/Rear_view_User_id_24026_NoAudio_4_28,690,14,5,15,24026,Rear_view,Sunglass
user_id_24026/Rear_view_User_id_24026_NoAudio_4_29,270,18,5,15,24026,Rear_view,Sunglass
user_id_24026/Rear_view_User_id_24026_NoAudio_4_30,570,15,14,13,24026,Rear_view,Sunglass
user_id_24026/Rear_view_User_id_24026_NoAudio_4_31,270,18,14,13,24026,Rear_view,Sunglass
user_id_24026/Rear_view_User_id_24026_NoAudio_4_32,570,13,15,11,24026,Rear_view,Sunglass
user_id_24026/Rear_view_User_id_24026_NoAudio_4_33,270,18,15,11,24026,Rear_view,Sunglass
user_id_24026/Rear_view_User_id_24026_NoAudio_4_34,690,11,13,4,24026,Rear_view,Sunglass
user_id_24026/Rear_view_User_id_24026_NoAudio_4_35,270,18,13,4,24026,Rear_view,Sunglass
user_id_24026/Rear_view_User_id_24026_NoAudio_4_36,480,4,11,18,24026,Rear_view,Sunglass
user_id_24026/Rear_view_User_id_24026_NoAudio_4_37,930,18,4,18,24026,Rear_view,Sunglass
user_id_24026/Right_side_window_User_id_24026_NoAudio_4_1,690,18,18,10,24026,Rightside_window,Sunglass
user_id_24026/Right_side_window_User_id_24026_NoAudio_4_2,720,10,18,9,24026,Rightside_window,Sunglass
user_id_24026/Right_side_window_User_id_24026_NoAudio_4_3,270,18,18,9,24026,Rightside_window,Sunglass
user_id_24026/Right_side_window_User_id_24026_NoAudio_4_4,570,9,10,0,24026,Rightside_window,Sunglass
user_id_24026/Right_side_window_User_id_24026_NoAudio_4_5,270,18,10,0,24026,Rightside_window,Sunglass
user_id_24026/Right_side_window_User_id_24026_NoAudio_4_6,540,0,9,3,24026,Rightside_window,Sunglass
user_id_24026/Right_side_window_User_id_24026_NoAudio_4_7,270,18,9,3,24026,Rightside_window,Sunglass
user_id_24026/Right_side_window_User_id_24026_NoAudio_4_8,750,3,0,1,24026,Rightside_window,Sunglass
user_id_24026/Right_side_window_User_id_24026_NoAudio_4_9,270,18,0,1,24026,Rightside_window,Sunglass
user_id_24026/Right_side_window_User_id_24026_NoAudio_4_10,540,1,3,12,24026,Rightside_window,Sunglass
user_id_24026/Right_side_window_User_id_24026_NoAudio_4_11,270,18,3,12,24026,Rightside_window,Sunglass
user_id_24026/Right_side_window_User_id_24026_NoAudio_4_12,690,12,1,2,24026,Rightside_window,Sunglass
user_id_24026/Right_side_window_User_id_24026_NoAudio_4_13,270,18,1,2,24026,Rightside_window,Sunglass
user_id_24026/Right_side_window_User_id_24026_NoAudio_4_14,480,2,12,8,24026,Rightside_window,Sunglass
user_id_24026/Right_side_window_User_id_24026_NoAudio_4_15,270,18,12,8,24026,Rightside_window,Sunglass
user_id_24026/Right_side_window_User_id_24026_NoAudio_4_16,750,8,2,7,24026,Rightside_window,Sunglass
user_id_24026/Right_side_window_User_id_24026_NoAudio_4_17,270,18,2,7,24026,Rightside_window,Sunglass
user_id_24026/Right_side_window_User_id_24026_NoAudio_4_18,750,7,8,17,24026,Rightside_window,Sunglass
user_id_24026/Right_side_window_User_id_24026_NoAudio_4_19,270,18,8,17,24026,Rightside_window,Sunglass
user_id_24026/Right_side_window_User_id_24026_NoAudio_4_20,690,17,7,16,24026,Rightside_window,Sunglass
user_id_24026/Right_side_window_User_id_24026_NoAudio_4_21,270,18,7,16,24026,Rightside_window,Sunglass
user_id_24026/Right_side_window_User_id_24026_NoAudio_4_22,570,16,17,6,24026,Rightside_window,Sunglass
user_id_24026/Right_side_window_User_id_24026_NoAudio_4_23,270,18,17,6,24026,Rightside_window,Sunglass
user_id_24026/Right_side_window_User_id_24026_NoAudio_4_24,570,6,16,5,24026,Rightside_window,Sunglass
user_id_24026/Right_side_window_User_id_24026_NoAudio_4_25,270,18,16,5,24026,Rightside_window,Sunglass
user_id_24026/Right_side_window_User_id_24026_NoAudio_4_26,510,5,6,14,24026,Rightside_window,Sunglass
user_id_24026/Right_side_window_User_id_24026_NoAudio_4_27,270,18,6,14,24026,Rightside_window,Sunglass
user_id_24026/Right_side_window_User_id_24026_NoAudio_4_28,690,14,5,15,24026,Rightside_window,Sunglass
user_id_24026/Right_side_window_User_id_24026_NoAudio_4_29,270,18,5,15,24026,Rightside_window,Sunglass
user_id_24026/Right_side_window_User_id_24026_NoAudio_4_30,570,15,14,13,24026,Rightside_window,Sunglass
user_id_24026/Right_side_window_User_id_24026_NoAudio_4_31,270,18,14,13,24026,Rightside_window,Sunglass
user_id_24026/Right_side_window_User_id_24026_NoAudio_4_32,570,13,15,11,24026,Rightside_window,Sunglass
user_id_24026/Right_side_window_User_id_24026_NoAudio_4_33,270,18,15,11,24026,Rightside_window,Sunglass
user_id_24026/Right_side_window_User_id_24026_NoAudio_4_34,690,11,13,4,24026,Rightside_window,Sunglass
user_id_24026/Right_side_window_User_id_24026_NoAudio_4_35,270,18,13,4,24026,Rightside_window,Sunglass
user_id_24026/Right_side_window_User_id_24026_NoAudio_4_36,480,4,11,18,24026,Rightside_window,Sunglass
user_id_24026/Right_side_window_User_id_24026_NoAudio_4_37,930,18,4,18,24026,Rightside_window,Sunglass
user_id_35133/Dashboard_user_id_35133_NoAudio_0_1,720,12,18,0,35133,Dashboard,None
user_id_35133/Dashboard_user_id_35133_NoAudio_0_2,240,18,18,0,35133,Dashboard,None
user_id_35133/Dashboard_user_id_35133_NoAudio_0_3,570,0,12,1,35133,Dashboard,None
user_id_35133/Dashboard_user_id_35133_NoAudio_0_4,240,18,12,1,35133,Dashboard,None
user_id_35133/Dashboard_user_id_35133_NoAudio_0_5,570,1,0,2,35133,Dashboard,None
user_id_35133/Dashboard_user_id_35133_NoAudio_0_6,240,18,0,2,35133,Dashboard,None
user_id_35133/Dashboard_user_id_35133_NoAudio_0_7,570,2,1,15,35133,Dashboard,None
user_id_35133/Dashboard_user_id_35133_NoAudio_0_8,270,18,1,15,35133,Dashboard,None
user_id_35133/Dashboard_user_id_35133_NoAudio_0_9,570,15,2,17,35133,Dashboard,None
user_id_35133/Dashboard_user_id_35133_NoAudio_0_10,270,18,2,17,35133,Dashboard,None
user_id_35133/Dashboard_user_id_35133_NoAudio_0_11,750,17,15,9,35133,Dashboard,None
user_id_35133/Dashboard_user_id_35133_NoAudio_0_12,270,18,15,9,35133,Dashboard,None
user_id_35133/Dashboard_user_id_35133_NoAudio_0_13,720,9,17,5,35133,Dashboard,None
user_id_35133/Dashboard_user_id_35133_NoAudio_0_14,270,18,17,5,35133,Dashboard,None
user_id_35133/Dashboard_user_id_35133_NoAudio_0_15,630,5,9,14,35133,Dashboard,None
user_id_35133/Dashboard_user_id_35133_NoAudio_0_16,240,18,9,14,35133,Dashboard,None
user_id_35133/Dashboard_user_id_35133_NoAudio_0_17,540,14,5,3,35133,Dashboard,None
user_id_35133/Dashboard_user_id_35133_NoAudio_0_18,210,18,5,3,35133,Dashboard,None
user_id_35133/Dashboard_user_id_35133_NoAudio_0_19,540,3,14,8,35133,Dashboard,None
user_id_35133/Dashboard_user_id_35133_NoAudio_0_20,240,18,14,8,35133,Dashboard,None
user_id_35133/Dashboard_user_id_35133_NoAudio_0_21,690,8,3,6,35133,Dashboard,None
user_id_35133/Dashboard_user_id_35133_NoAudio_0_22,270,18,3,6,35133,Dashboard,None
user_id_35133/Dashboard_user_id_35133_NoAudio_0_23,660,6,8,10,35133,Dashboard,None
user_id_35133/Dashboard_user_id_35133_NoAudio_0_24,240,18,8,10,35133,Dashboard,None
user_id_35133/Dashboard_user_id_35133_NoAudio_0_25,720,10,6,4,35133,Dashboard,None
user_id_35133/Dashboard_user_id_35133_NoAudio_0_26,240,18,6,4,35133,Dashboard,None
user_id_35133/Dashboard_user_id_35133_NoAudio_0_27,510,4,10,11,35133,Dashboard,None
user_id_35133/Dashboard_user_id_35133_NoAudio_0_28,240,18,10,11,35133,Dashboard,None
user_id_35133/Dashboard_user_id_35133_NoAudio_0_29,780,11,4,13,35133,Dashboard,None
user_id_35133/Dashboard_user_id_35133_NoAudio_0_30,240,18,4,13,35133,Dashboard,None
user_id_35133/Dashboard_user_id_35133_NoAudio_0_31,600,13,11,7,35133,Dashboard,None
user_id_35133/Dashboard_user_id_35133_NoAudio_0_32,240,18,11,7,35133,Dashboard,None
user_id_35133/Dashboard_user_id_35133_NoAudio_0_33,690,7,13,16,35133,Dashboard,None
user_id_35133/Dashboard_user_id_35133_NoAudio_0_34,270,18,13,16,35133,Dashboard,None
user_id_35133/Dashboard_user_id_35133_NoAudio_0_35,540,16,7,18,35133,Dashboard,None
user_id_35133/Rear_view_user_id_35133_NoAudio_0_1,720,12,16,0,35133,Rear_view,None
user_id_35133/Rear_view_user_id_35133_NoAudio_0_2,240,18,16,0,35133,Rear_view,None
user_id_35133/Rear_view_user_id_35133_NoAudio_0_3,570,0,12,1,35133,Rear_view,None
user_id_35133/Rear_view_user_id_35133_NoAudio_0_4,240,18,12,1,35133,Rear_view,None
user_id_35133/Rear_view_user_id_35133_NoAudio_0_5,570,1,0,2,35133,Rear_view,None
user_id_35133/Rear_view_user_id_35133_NoAudio_0_6,240,18,0,2,35133,Rear_view,None
user_id_35133/Rear_view_user_id_35133_NoAudio_0_7,570,2,1,15,35133,Rear_view,None
user_id_35133/Rear_view_user_id_35133_NoAudio_0_8,270,18,1,15,35133,Rear_view,None
user_id_35133/Rear_view_user_id_35133_NoAudio_0_9,570,15,2,17,35133,Rear_view,None
user_id_35133/Rear_view_user_id_35133_NoAudio_0_10,270,18,2,17,35133,Rear_view,None
user_id_35133/Rear_view_user_id_35133_NoAudio_0_11,750,17,15,9,35133,Rear_view,None
user_id_35133/Rear_view_user_id_35133_NoAudio_0_12,270,18,15,9,35133,Rear_view,None
user_id_35133/Rear_view_user_id_35133_NoAudio_0_13,720,9,17,5,35133,Rear_view,None
user_id_35133/Rear_view_user_id_35133_NoAudio_0_14,270,18,17,5,35133,Rear_view,None
user_id_35133/Rear_view_user_id_35133_NoAudio_0_15,630,5,9,14,35133,Rear_view,None
user_id_35133/Rear_view_user_id_35133_NoAudio_0_16,240,18,9,14,35133,Rear_view,None
user_id_35133/Rear_view_user_id_35133_NoAudio_0_17,540,14,5,3,35133,Rear_view,None
user_id_35133/Rear_view_user_id_35133_NoAudio_0_18,210,18,5,3,35133,Rear_view,None
user_id_35133/Rear_view_user_id_35133_NoAudio_0_19,540,3,14,8,35133,Rear_view,None
user_id_35133/Rear_view_user_id_35133_NoAudio_0_20,240,18,14,8,35133,Rear_view,None
user_id_35133/Rear_view_user_id_35133_NoAudio_0_21,690,8,3,6,35133,Rear_view,None
user_id_35133/Rear_view_user_id_35133_NoAudio_0_22,270,18,3,6,35133,Rear_view,None
user_id_35133/Rear_view_user_id_35133_NoAudio_0_23,660,6,8,10,35133,Rear_view,None
user_id_35133/Rear_view_user_id_35133_NoAudio_0_24,240,18,8,10,35133,Rear_view,None
user_id_35133/Rear_view_user_id_35133_NoAudio_0_25,720,10,6,4,35133,Rear_view,None
user_id_35133/Rear_view_user_id_35133_NoAudio_0_26,240,18,6,4,35133,Rear_view,None
user_id_35133/Rear_view_user_id_35133_NoAudio_0_27,510,4,10,11,35133,Rear_view,None
user_id_35133/Rear_view_user_id_35133_NoAudio_0_28,240,18,10,11,35133,Rear_view,None
user_id_35133/Rear_view_user_id_35133_NoAudio_0_29,780,11,4,13,35133,Rear_view,None
user_id_35133/Rear_view_user_id_35133_NoAudio_0_30,240,18,4,13,35133,Rear_view,None
user_id_35133/Rear_view_user_id_35133_NoAudio_0_31,600,13,11,7,35133,Rear_view,None
user_id_35133/Rear_view_user_id_35133_NoAudio_0_32,240,18,11,7,35133,Rear_view,None
user_id_35133/Rear_view_user_id_35133_NoAudio_0_33,690,7,13,16,35133,Rear_view,None
user_id_35133/Rear_view_user_id_35133_NoAudio_0_34,270,18,13,16,35133,Rear_view,None
user_id_35133/Rear_view_user_id_35133_NoAudio_0_35,540,16,7,18,35133,Rear_view,None
user_id_35133/Rightside_window_user_id_35133_NoAudio_0_1,720,12,16,0,35133,Rightside_window,None
user_id_35133/Rightside_window_user_id_35133_NoAudio_0_2,240,18,16,0,35133,Rightside_window,None
user_id_35133/Rightside_window_user_id_35133_NoAudio_0_3,570,0,12,1,35133,Rightside_window,None
user_id_35133/Rightside_window_user_id_35133_NoAudio_0_4,240,18,12,1,35133,Rightside_window,None
user_id_35133/Rightside_window_user_id_35133_NoAudio_0_5,570,1,0,2,35133,Rightside_window,None
user_id_35133/Rightside_window_user_id_35133_NoAudio_0_6,240,18,0,2,35133,Rightside_window,None
user_id_35133/Rightside_window_user_id_35133_NoAudio_0_7,570,2,1,15,35133,Rightside_window,None
user_id_35133/Rightside_window_user_id_35133_NoAudio_0_8,270,18,1,15,35133,Rightside_window,None
user_id_35133/Rightside_window_user_id_35133_NoAudio_0_9,570,15,2,17,35133,Rightside_window,None
user_id_35133/Rightside_window_user_id_35133_NoAudio_0_10,270,18,2,17,35133,Rightside_window,None
user_id_35133/Rightside_window_user_id_35133_NoAudio_0_11,750,17,15,9,35133,Rightside_window,None
user_id_35133/Rightside_window_user_id_35133_NoAudio_0_12,270,18,15,9,35133,Rightside_window,None
user_id_35133/Rightside_window_user_id_35133_NoAudio_0_13,720,9,17,5,35133,Rightside_window,None
user_id_35133/Rightside_window_user_id_35133_NoAudio_0_14,270,18,17,5,35133,Rightside_window,None
user_id_35133/Rightside_window_user_id_35133_NoAudio_0_15,630,5,9,14,35133,Rightside_window,None
user_id_35133/Rightside_window_user_id_35133_NoAudio_0_16,240,18,9,14,35133,Rightside_window,None
user_id_35133/Rightside_window_user_id_35133_NoAudio_0_17,540,14,5,3,35133,Rightside_window,None
user_id_35133/Rightside_window_user_id_35133_NoAudio_0_18,210,18,5,3,35133,Rightside_window,None
user_id_35133/Rightside_window_user_id_35133_NoAudio_0_19,540,3,14,8,35133,Rightside_window,None
user_id_35133/Rightside_window_user_id_35133_NoAudio_0_20,240,18,14,8,35133,Rightside_window,None
user_id_35133/Rightside_window_user_id_35133_NoAudio_0_21,690,8,3,6,35133,Rightside_window,None
user_id_35133/Rightside_window_user_id_35133_NoAudio_0_22,270,18,3,6,35133,Rightside_window,None
user_id_35133/Rightside_window_user_id_35133_NoAudio_0_23,660,6,8,10,35133,Rightside_window,None
user_id_35133/Rightside_window_user_id_35133_NoAudio_0_24,240,18,8,10,35133,Rightside_window,None
user_id_35133/Rightside_window_user_id_35133_NoAudio_0_25,720,10,6,4,35133,Rightside_window,None
user_id_35133/Rightside_window_user_id_35133_NoAudio_0_26,240,18,6,4,35133,Rightside_window,None
user_id_35133/Rightside_window_user_id_35133_NoAudio_0_27,510,4,10,11,35133,Rightside_window,None
user_id_35133/Rightside_window_user_id_35133_NoAudio_0_28,240,18,10,11,35133,Rightside_window,None
user_id_35133/Rightside_window_user_id_35133_NoAudio_0_29,780,11,4,13,35133,Rightside_window,None
user_id_35133/Rightside_window_user_id_35133_NoAudio_0_30,240,18,4,13,35133,Rightside_window,None
user_id_35133/Rightside_window_user_id_35133_NoAudio_0_31,600,13,11,7,35133,Rightside_window,None
user_id_35133/Rightside_window_user_id_35133_NoAudio_0_32,240,18,11,7,35133,Rightside_window,None
user_id_35133/Rightside_window_user_id_35133_NoAudio_0_33,690,7,13,16,35133,Rightside_window,None
user_id_35133/Rightside_window_user_id_35133_NoAudio_0_34,270,18,13,16,35133,Rightside_window,None
user_id_35133/Rightside_window_user_id_35133_NoAudio_0_35,540,16,7,18,35133,Rightside_window,None
user_id_35133/Dashboard_user_id_35133_NoAudio_2_1,720,12,16,0,35133,Dashboard,Hat
user_id_35133/Dashboard_user_id_35133_NoAudio_2_2,240,18,16,0,35133,Dashboard,Hat
user_id_35133/Dashboard_user_id_35133_NoAudio_2_3,540,0,12,1,35133,Dashboard,Hat
user_id_35133/Dashboard_user_id_35133_NoAudio_2_4,240,18,12,1,35133,Dashboard,Hat
user_id_35133/Dashboard_user_id_35133_NoAudio_2_5,540,1,0,2,35133,Dashboard,Hat
user_id_35133/Dashboard_user_id_35133_NoAudio_2_6,270,18,0,2,35133,Dashboard,Hat
user_id_35133/Dashboard_user_id_35133_NoAudio_2_7,570,2,1,15,35133,Dashboard,Hat
user_id_35133/Dashboard_user_id_35133_NoAudio_2_8,240,18,1,15,35133,Dashboard,Hat
user_id_35133/Dashboard_user_id_35133_NoAudio_2_9,540,15,2,17,35133,Dashboard,Hat
user_id_35133/Dashboard_user_id_35133_NoAudio_2_10,300,18,2,17,35133,Dashboard,Hat
user_id_35133/Dashboard_user_id_35133_NoAudio_2_11,750,17,15,9,35133,Dashboard,Hat
user_id_35133/Dashboard_user_id_35133_NoAudio_2_12,270,18,15,9,35133,Dashboard,Hat
user_id_35133/Dashboard_user_id_35133_NoAudio_2_13,750,9,17,5,35133,Dashboard,Hat
user_id_35133/Dashboard_user_id_35133_NoAudio_2_14,240,18,17,5,35133,Dashboard,Hat
user_id_35133/Dashboard_user_id_35133_NoAudio_2_15,660,5,9,14,35133,Dashboard,Hat
user_id_35133/Dashboard_user_id_35133_NoAudio_2_16,240,18,9,14,35133,Dashboard,Hat
user_id_35133/Dashboard_user_id_35133_NoAudio_2_17,510,14,5,3,35133,Dashboard,Hat
user_id_35133/Dashboard_user_id_35133_NoAudio_2_18,240,18,5,3,35133,Dashboard,Hat
user_id_35133/Dashboard_user_id_35133_NoAudio_2_19,540,3,14,8,35133,Dashboard,Hat
user_id_35133/Dashboard_user_id_35133_NoAudio_2_20,240,18,14,8,35133,Dashboard,Hat
user_id_35133/Dashboard_user_id_35133_NoAudio_2_21,690,8,3,6,35133,Dashboard,Hat
user_id_35133/Dashboard_user_id_35133_NoAudio_2_22,210,18,3,6,35133,Dashboard,Hat
user_id_35133/Dashboard_user_id_35133_NoAudio_2_23,690,6,8,10,35133,Dashboard,Hat
user_id_35133/Dashboard_user_id_35133_NoAudio_2_24,270,18,8,10,35133,Dashboard,Hat
user_id_35133/Dashboard_user_id_35133_NoAudio_2_25,660,10,6,4,35133,Dashboard,Hat
user_id_35133/Dashboard_user_id_35133_NoAudio_2_26,270,18,6,4,35133,Dashboard,Hat
user_id_35133/Dashboard_user_id_35133_NoAudio_2_27,540,4,10,11,35133,Dashboard,Hat
user_id_35133/Dashboard_user_id_35133_NoAudio_2_28,240,18,10,11,35133,Dashboard,Hat
user_id_35133/Dashboard_user_id_35133_NoAudio_2_29,750,11,4,13,35133,Dashboard,Hat
user_id_35133/Dashboard_user_id_35133_NoAudio_2_30,240,18,4,13,35133,Dashboard,Hat
user_id_35133/Dashboard_user_id_35133_NoAudio_2_31,600,13,11,7,35133,Dashboard,Hat
user_id_35133/Dashboard_user_id_35133_NoAudio_2_32,240,18,11,7,35133,Dashboard,Hat
user_id_35133/Dashboard_user_id_35133_NoAudio_2_33,690,7,13,16,35133,Dashboard,Hat
user_id_35133/Dashboard_user_id_35133_NoAudio_2_34,240,18,13,16,35133,Dashboard,Hat
user_id_35133/Dashboard_user_id_35133_NoAudio_2_35,600,16,7,18,35133,Dashboard,Hat
user_id_35133/Rear_view_user_id_35133_NoAudio_2_1,720,12,16,0,35133,Rear_view,Hat
user_id_35133/Rear_view_user_id_35133_NoAudio_2_2,240,18,16,0,35133,Rear_view,Hat
user_id_35133/Rear_view_user_id_35133_NoAudio_2_3,540,0,12,1,35133,Rear_view,Hat
user_id_35133/Rear_view_user_id_35133_NoAudio_2_4,240,18,12,1,35133,Rear_view,Hat
user_id_35133/Rear_view_user_id_35133_NoAudio_2_5,540,1,0,2,35133,Rear_view,Hat
user_id_35133/Rear_view_user_id_35133_NoAudio_2_6,270,18,0,2,35133,Rear_view,Hat
user_id_35133/Rear_view_user_id_35133_NoAudio_2_7,570,2,1,15,35133,Rear_view,Hat
user_id_35133/Rear_view_user_id_35133_NoAudio_2_8,240,18,1,15,35133,Rear_view,Hat
user_id_35133/Rear_view_user_id_35133_NoAudio_2_9,540,15,2,17,35133,Rear_view,Hat
user_id_35133/Rear_view_user_id_35133_NoAudio_2_10,300,18,2,17,35133,Rear_view,Hat
user_id_35133/Rear_view_user_id_35133_NoAudio_2_11,750,17,15,9,35133,Rear_view,Hat
user_id_35133/Rear_view_user_id_35133_NoAudio_2_12,270,18,15,9,35133,Rear_view,Hat
user_id_35133/Rear_view_user_id_35133_NoAudio_2_13,750,9,17,5,35133,Rear_view,Hat
user_id_35133/Rear_view_user_id_35133_NoAudio_2_14,240,18,17,5,35133,Rear_view,Hat
user_id_35133/Rear_view_user_id_35133_NoAudio_2_15,660,5,9,14,35133,Rear_view,Hat
user_id_35133/Rear_view_user_id_35133_NoAudio_2_16,240,18,9,14,35133,Rear_view,Hat
user_id_35133/Rear_view_user_id_35133_NoAudio_2_17,510,14,5,3,35133,Rear_view,Hat
user_id_35133/Rear_view_user_id_35133_NoAudio_2_18,240,18,5,3,35133,Rear_view,Hat
user_id_35133/Rear_view_user_id_35133_NoAudio_2_19,540,3,14,8,35133,Rear_view,Hat
user_id_35133/Rear_view_user_id_35133_NoAudio_2_20,240,18,14,8,35133,Rear_view,Hat
user_id_35133/Rear_view_user_id_35133_NoAudio_2_21,690,8,3,6,35133,Rear_view,Hat
user_id_35133/Rear_view_user_id_35133_NoAudio_2_22,210,18,3,6,35133,Rear_view,Hat
user_id_35133/Rear_view_user_id_35133_NoAudio_2_23,690,6,8,10,35133,Rear_view,Hat
user_id_35133/Rear_view_user_id_35133_NoAudio_2_24,270,18,8,10,35133,Rear_view,Hat
user_id_35133/Rear_view_user_id_35133_NoAudio_2_25,660,10,6,4,35133,Rear_view,Hat
user_id_35133/Rear_view_user_id_35133_NoAudio_2_26,270,18,6,4,35133,Rear_view,Hat
user_id_35133/Rear_view_user_id_35133_NoAudio_2_27,540,4,10,11,35133,Rear_view,Hat
user_id_35133/Rear_view_user_id_35133_NoAudio_2_28,240,18,10,11,35133,Rear_view,Hat
user_id_35133/Rear_view_user_id_35133_NoAudio_2_29,750,11,4,13,35133,Rear_view,Hat
user_id_35133/Rear_view_user_id_35133_NoAudio_2_30,240,18,4,13,35133,Rear_view,Hat
user_id_35133/Rear_view_user_id_35133_NoAudio_2_31,600,13,11,7,35133,Rear_view,Hat
user_id_35133/Rear_view_user_id_35133_NoAudio_2_32,240,18,11,7,35133,Rear_view,Hat
user_id_35133/Rear_view_user_id_35133_NoAudio_2_33,690,7,13,16,35133,Rear_view,Hat
user_id_35133/Rear_view_user_id_35133_NoAudio_2_34,240,18,13,16,35133,Rear_view,Hat
user_id_35133/Rear_view_user_id_35133_NoAudio_2_35,600,16,7,18,35133,Rear_view,Hat
user_id_35133/Rightside_window_user_id_35133_NoAudio_2_1,720,12,16,0,35133,Rightside_window,Hat
user_id_35133/Rightside_window_user_id_35133_NoAudio_2_2,240,18,16,0,35133,Rightside_window,Hat
user_id_35133/Rightside_window_user_id_35133_NoAudio_2_3,540,0,12,1,35133,Rightside_window,Hat
user_id_35133/Rightside_window_user_id_35133_NoAudio_2_4,240,18,12,1,35133,Rightside_window,Hat
user_id_35133/Rightside_window_user_id_35133_NoAudio_2_5,540,1,0,2,35133,Rightside_window,Hat
user_id_35133/Rightside_window_user_id_35133_NoAudio_2_6,270,18,0,2,35133,Rightside_window,Hat
user_id_35133/Rightside_window_user_id_35133_NoAudio_2_7,570,2,1,15,35133,Rightside_window,Hat
user_id_35133/Rightside_window_user_id_35133_NoAudio_2_8,240,18,1,15,35133,Rightside_window,Hat
user_id_35133/Rightside_window_user_id_35133_NoAudio_2_9,540,15,2,17,35133,Rightside_window,Hat
user_id_35133/Rightside_window_user_id_35133_NoAudio_2_10,300,18,2,17,35133,Rightside_window,Hat
user_id_35133/Rightside_window_user_id_35133_NoAudio_2_11,750,17,15,9,35133,Rightside_window,Hat
user_id_35133/Rightside_window_user_id_35133_NoAudio_2_12,270,18,15,9,35133,Rightside_window,Hat
user_id_35133/Rightside_window_user_id_35133_NoAudio_2_13,750,9,17,5,35133,Rightside_window,Hat
user_id_35133/Rightside_window_user_id_35133_NoAudio_2_14,240,18,17,5,35133,Rightside_window,Hat
user_id_35133/Rightside_window_user_id_35133_NoAudio_2_15,660,5,9,14,35133,Rightside_window,Hat
user_id_35133/Rightside_window_user_id_35133_NoAudio_2_16,240,18,9,14,35133,Rightside_window,Hat
user_id_35133/Rightside_window_user_id_35133_NoAudio_2_17,510,14,5,3,35133,Rightside_window,Hat
user_id_35133/Rightside_window_user_id_35133_NoAudio_2_18,240,18,5,3,35133,Rightside_window,Hat
user_id_35133/Rightside_window_user_id_35133_NoAudio_2_19,540,3,14,8,35133,Rightside_window,Hat
user_id_35133/Rightside_window_user_id_35133_NoAudio_2_20,240,18,14,8,35133,Rightside_window,Hat
user_id_35133/Rightside_window_user_id_35133_NoAudio_2_21,690,8,3,6,35133,Rightside_window,Hat
user_id_35133/Rightside_window_user_id_35133_NoAudio_2_22,210,18,3,6,35133,Rightside_window,Hat
user_id_35133/Rightside_window_user_id_35133_NoAudio_2_23,690,6,8,10,35133,Rightside_window,Hat
user_id_35133/Rightside_window_user_id_35133_NoAudio_2_24,270,18,8,10,35133,Rightside_window,Hat
user_id_35133/Rightside_window_user_id_35133_NoAudio_2_25,660,10,6,4,35133,Rightside_window,Hat
user_id_35133/Rightside_window_user_id_35133_NoAudio_2_26,270,18,6,4,35133,Rightside_window,Hat
user_id_35133/Rightside_window_user_id_35133_NoAudio_2_27,540,4,10,11,35133,Rightside_window,Hat
user_id_35133/Rightside_window_user_id_35133_NoAudio_2_28,240,18,10,11,35133,Rightside_window,Hat
user_id_35133/Rightside_window_user_id_35133_NoAudio_2_29,750,11,4,13,35133,Rightside_window,Hat
user_id_35133/Rightside_window_user_id_35133_NoAudio_2_30,240,18,4,13,35133,Rightside_window,Hat
user_id_35133/Rightside_window_user_id_35133_NoAudio_2_31,600,13,11,7,35133,Rightside_window,Hat
user_id_35133/Rightside_window_user_id_35133_NoAudio_2_32,240,18,11,7,35133,Rightside_window,Hat
user_id_35133/Rightside_window_user_id_35133_NoAudio_2_33,690,7,13,16,35133,Rightside_window,Hat
user_id_35133/Rightside_window_user_id_35133_NoAudio_2_34,240,18,13,16,35133,Rightside_window,Hat
user_id_35133/Rightside_window_user_id_35133_NoAudio_2_35,600,16,7,18,35133,Rightside_window,Hat
user_id_38058/Dashboard_User_id_38058_NoAudio_0_1,900,1,18,9,38508,Dashboard,None
user_id_38058/Dashboard_User_id_38058_NoAudio_0_2,210,18,18,9,38508,Dashboard,None
user_id_38058/Dashboard_User_id_38058_NoAudio_0_3,690,9,1,16,38508,Dashboard,None
user_id_38058/Dashboard_User_id_38058_NoAudio_0_4,270,18,1,16,38508,Dashboard,None
user_id_38058/Dashboard_User_id_38058_NoAudio_0_5,720,16,9,3,38508,Dashboard,None
user_id_38058/Dashboard_User_id_38058_NoAudio_0_6,240,18,9,3,38508,Dashboard,None
user_id_38058/Dashboard_User_id_38058_NoAudio_0_7,630,3,16,17,38508,Dashboard,None
user_id_38058/Dashboard_User_id_38058_NoAudio_0_8,270,18,16,17,38508,Dashboard,None
user_id_38058/Dashboard_User_id_38058_NoAudio_0_9,750,17,3,4,38508,Dashboard,None
user_id_38058/Dashboard_User_id_38058_NoAudio_0_10,240,18,3,4,38508,Dashboard,None
user_id_38058/Dashboard_User_id_38058_NoAudio_0_11,720,4,17,12,38508,Dashboard,None
user_id_38058/Dashboard_User_id_38058_NoAudio_0_12,210,18,17,12,38508,Dashboard,None
user_id_38058/Dashboard_User_id_38058_NoAudio_0_13,720,12,4,11,38508,Dashboard,None
user_id_38058/Dashboard_User_id_38058_NoAudio_0_14,240,18,4,11,38508,Dashboard,None
user_id_38058/Dashboard_User_id_38058_NoAudio_0_15,570,11,12,10,38508,Dashboard,None
user_id_38058/Dashboard_User_id_38058_NoAudio_0_16,270,18,12,10,38508,Dashboard,None
user_id_38058/Dashboard_User_id_38058_NoAudio_0_17,780,10,11,6,38508,Dashboard,None
user_id_38058/Dashboard_User_id_38058_NoAudio_0_18,240,18,11,6,38508,Dashboard,None
user_id_38058/Dashboard_User_id_38058_NoAudio_0_19,660,6,10,0,38508,Dashboard,None
user_id_38058/Dashboard_User_id_38058_NoAudio_0_20,270,18,10,0,38508,Dashboard,None
user_id_38058/Dashboard_User_id_38058_NoAudio_0_21,600,0,6,7,38508,Dashboard,None
user_id_38058/Dashboard_User_id_38058_NoAudio_0_22,210,18,6,7,38508,Dashboard,None
user_id_38058/Dashboard_User_id_38058_NoAudio_0_23,570,7,0,15,38508,Dashboard,None
user_id_38058/Dashboard_User_id_38058_NoAudio_0_24,240,18,0,15,38508,Dashboard,None
user_id_38058/Dashboard_User_id_38058_NoAudio_0_25,750,15,7,2,38508,Dashboard,None
user_id_38058/Dashboard_User_id_38058_NoAudio_0_26,240,18,7,2,38508,Dashboard,None
user_id_38058/Dashboard_User_id_38058_NoAudio_0_27,780,2,15,13,38508,Dashboard,None
user_id_38058/Dashboard_User_id_38058_NoAudio_0_28,240,18,15,13,38508,Dashboard,None
user_id_38058/Dashboard_User_id_38058_NoAudio_0_29,660,13,2,5,38508,Dashboard,None
user_id_38058/Dashboard_User_id_38058_NoAudio_0_30,240,18,2,5,38508,Dashboard,None
user_id_38058/Dashboard_User_id_38058_NoAudio_0_31,600,5,13,14,38508,Dashboard,None
user_id_38058/Dashboard_User_id_38058_NoAudio_0_32,240,18,13,14,38508,Dashboard,None
user_id_38058/Dashboard_User_id_38058_NoAudio_0_33,540,14,5,8,38508,Dashboard,None
user_id_38058/Dashboard_User_id_38058_NoAudio_0_34,270,18,5,8,38508,Dashboard,None
user_id_38058/Dashboard_User_id_38058_NoAudio_0_35,539,8,14,18,38508,Dashboard,None
user_id_38058/Rear_view_User_id_38058_NoAudio_0_1,900,1,8,9,38508,Rear_view,None
user_id_38058/Rear_view_User_id_38058_NoAudio_0_2,210,18,8,9,38508,Rear_view,None
user_id_38058/Rear_view_User_id_38058_NoAudio_0_3,690,9,1,16,38508,Rear_view,None
user_id_38058/Rear_view_User_id_38058_NoAudio_0_4,270,18,1,16,38508,Rear_view,None
user_id_38058/Rear_view_User_id_38058_NoAudio_0_5,720,16,9,3,38508,Rear_view,None
user_id_38058/Rear_view_User_id_38058_NoAudio_0_6,240,18,9,3,38508,Rear_view,None
user_id_38058/Rear_view_User_id_38058_NoAudio_0_7,630,3,16,17,38508,Rear_view,None
user_id_38058/Rear_view_User_id_38058_NoAudio_0_8,270,18,16,17,38508,Rear_view,None
user_id_38058/Rear_view_User_id_38058_NoAudio_0_9,750,17,3,4,38508,Rear_view,None
user_id_38058/Rear_view_User_id_38058_NoAudio_0_10,240,18,3,4,38508,Rear_view,None
user_id_38058/Rear_view_User_id_38058_NoAudio_0_11,720,4,17,12,38508,Rear_view,None
user_id_38058/Rear_view_User_id_38058_NoAudio_0_12,210,18,17,12,38508,Rear_view,None
user_id_38058/Rear_view_User_id_38058_NoAudio_0_13,720,12,4,11,38508,Rear_view,None
user_id_38058/Rear_view_User_id_38058_NoAudio_0_14,240,18,4,11,38508,Rear_view,None
user_id_38058/Rear_view_User_id_38058_NoAudio_0_15,570,11,12,10,38508,Rear_view,None
user_id_38058/Rear_view_User_id_38058_NoAudio_0_16,270,18,12,10,38508,Rear_view,None
user_id_38058/Rear_view_User_id_38058_NoAudio_0_17,780,10,11,6,38508,Rear_view,None
user_id_38058/Rear_view_User_id_38058_NoAudio_0_18,240,18,11,6,38508,Rear_view,None
user_id_38058/Rear_view_User_id_38058_NoAudio_0_19,660,6,10,0,38508,Rear_view,None
user_id_38058/Rear_view_User_id_38058_NoAudio_0_20,270,18,10,0,38508,Rear_view,None
user_id_38058/Rear_view_User_id_38058_NoAudio_0_21,600,0,6,7,38508,Rear_view,None
user_id_38058/Rear_view_User_id_38058_NoAudio_0_22,210,18,6,7,38508,Rear_view,None
user_id_38058/Rear_view_User_id_38058_NoAudio_0_23,570,7,0,15,38508,Rear_view,None
user_id_38058/Rear_view_User_id_38058_NoAudio_0_24,240,18,0,15,38508,Rear_view,None
user_id_38058/Rear_view_User_id_38058_NoAudio_0_25,750,15,7,2,38508,Rear_view,None
user_id_38058/Rear_view_User_id_38058_NoAudio_0_26,240,18,7,2,38508,Rear_view,None
user_id_38058/Rear_view_User_id_38058_NoAudio_0_27,780,2,15,13,38508,Rear_view,None
user_id_38058/Rear_view_User_id_38058_NoAudio_0_28,240,18,15,13,38508,Rear_view,None
user_id_38058/Rear_view_User_id_38058_NoAudio_0_29,660,13,2,5,38508,Rear_view,None
user_id_38058/Rear_view_User_id_38058_NoAudio_0_30,240,18,2,5,38508,Rear_view,None
user_id_38058/Rear_view_User_id_38058_NoAudio_0_31,600,5,13,14,38508,Rear_view,None
user_id_38058/Rear_view_User_id_38058_NoAudio_0_32,240,18,13,14,38508,Rear_view,None
user_id_38058/Rear_view_User_id_38058_NoAudio_0_33,540,14,5,8,38508,Rear_view,None
user_id_38058/Rear_view_User_id_38058_NoAudio_0_34,270,18,5,8,38508,Rear_view,None
user_id_38058/Rear_view_User_id_38058_NoAudio_0_35,539,8,14,18,38508,Rear_view,None
user_id_38058/Right_side_window_User_id_38058_NoAudio_0_1,900,1,8,9,38508,Rightside_window,None
user_id_38058/Right_side_window_User_id_38058_NoAudio_0_2,210,18,8,9,38508,Rightside_window,None
user_id_38058/Right_side_window_User_id_38058_NoAudio_0_3,690,9,1,16,38508,Rightside_window,None
user_id_38058/Right_side_window_User_id_38058_NoAudio_0_4,270,18,1,16,38508,Rightside_window,None
user_id_38058/Right_side_window_User_id_38058_NoAudio_0_5,720,16,9,3,38508,Rightside_window,None
user_id_38058/Right_side_window_User_id_38058_NoAudio_0_6,240,18,9,3,38508,Rightside_window,None
user_id_38058/Right_side_window_User_id_38058_NoAudio_0_7,630,3,16,17,38508,Rightside_window,None
user_id_38058/Right_side_window_User_id_38058_NoAudio_0_8,270,18,16,17,38508,Rightside_window,None
user_id_38058/Right_side_window_User_id_38058_NoAudio_0_9,750,17,3,4,38508,Rightside_window,None
user_id_38058/Right_side_window_User_id_38058_NoAudio_0_10,240,18,3,4,38508,Rightside_window,None
user_id_38058/Right_side_window_User_id_38058_NoAudio_0_11,720,4,17,12,38508,Rightside_window,None
user_id_38058/Right_side_window_User_id_38058_NoAudio_0_12,210,18,17,12,38508,Rightside_window,None
user_id_38058/Right_side_window_User_id_38058_NoAudio_0_13,720,12,4,11,38508,Rightside_window,None
user_id_38058/Right_side_window_User_id_38058_NoAudio_0_14,240,18,4,11,38508,Rightside_window,None
user_id_38058/Right_side_window_User_id_38058_NoAudio_0_15,570,11,12,10,38508,Rightside_window,None
user_id_38058/Right_side_window_User_id_38058_NoAudio_0_16,270,18,12,10,38508,Rightside_window,None
user_id_38058/Right_side_window_User_id_38058_NoAudio_0_17,780,10,11,6,38508,Rightside_window,None
user_id_38058/Right_side_window_User_id_38058_NoAudio_0_18,240,18,11,6,38508,Rightside_window,None
user_id_38058/Right_side_window_User_id_38058_NoAudio_0_19,660,6,10,0,38508,Rightside_window,None
user_id_38058/Right_side_window_User_id_38058_NoAudio_0_20,270,18,10,0,38508,Rightside_window,None
user_id_38058/Right_side_window_User_id_38058_NoAudio_0_21,600,0,6,7,38508,Rightside_window,None
user_id_38058/Right_side_window_User_id_38058_NoAudio_0_22,210,18,6,7,38508,Rightside_window,None
user_id_38058/Right_side_window_User_id_38058_NoAudio_0_23,570,7,0,15,38508,Rightside_window,None
user_id_38058/Right_side_window_User_id_38058_NoAudio_0_24,240,18,0,15,38508,Rightside_window,None
user_id_38058/Right_side_window_User_id_38058_NoAudio_0_25,750,15,7,2,38508,Rightside_window,None
user_id_38058/Right_side_window_User_id_38058_NoAudio_0_26,240,18,7,2,38508,Rightside_window,None
user_id_38058/Right_side_window_User_id_38058_NoAudio_0_27,780,2,15,13,38508,Rightside_window,None
user_id_38058/Right_side_window_User_id_38058_NoAudio_0_28,240,18,15,13,38508,Rightside_window,None
user_id_38058/Right_side_window_User_id_38058_NoAudio_0_29,660,13,2,5,38508,Rightside_window,None
user_id_38058/Right_side_window_User_id_38058_NoAudio_0_30,240,18,2,5,38508,Rightside_window,None
user_id_38058/Right_side_window_User_id_38058_NoAudio_0_31,600,5,13,14,38508,Rightside_window,None
user_id_38058/Right_side_window_User_id_38058_NoAudio_0_32,240,18,13,14,38508,Rightside_window,None
user_id_38058/Right_side_window_User_id_38058_NoAudio_0_33,540,14,5,8,38508,Rightside_window,None
user_id_38058/Right_side_window_User_id_38058_NoAudio_0_34,270,18,5,8,38508,Rightside_window,None
user_id_38058/Right_side_window_User_id_38058_NoAudio_0_35,539,8,14,18,38508,Rightside_window,None
user_id_38058/Dashboard_User_id_38058_NoAudio_1_1,570,1,8,9,38508,Dashboard,Sunglasses
user_id_38058/Dashboard_User_id_38058_NoAudio_1_2,240,18,8,9,38508,Dashboard,Sunglasses
user_id_38058/Dashboard_User_id_38058_NoAudio_1_3,690,9,1,16,38508,Dashboard,Sunglasses
user_id_38058/Dashboard_User_id_38058_NoAudio_1_4,240,18,1,16,38508,Dashboard,Sunglasses
user_id_38058/Dashboard_User_id_38058_NoAudio_1_5,720,16,9,3,38508,Dashboard,Sunglasses
user_id_38058/Dashboard_User_id_38058_NoAudio_1_6,270,18,9,3,38508,Dashboard,Sunglasses
user_id_38058/Dashboard_User_id_38058_NoAudio_1_7,630,3,16,17,38508,Dashboard,Sunglasses
user_id_38058/Dashboard_User_id_38058_NoAudio_1_8,240,18,16,17,38508,Dashboard,Sunglasses
user_id_38058/Dashboard_User_id_38058_NoAudio_1_9,750,17,3,4,38508,Dashboard,Sunglasses
user_id_38058/Dashboard_User_id_38058_NoAudio_1_10,180,18,3,4,38508,Dashboard,Sunglasses
user_id_38058/Dashboard_User_id_38058_NoAudio_1_11,750,4,17,12,38508,Dashboard,Sunglasses
user_id_38058/Dashboard_User_id_38058_NoAudio_1_12,240,18,17,12,38508,Dashboard,Sunglasses
user_id_38058/Dashboard_User_id_38058_NoAudio_1_13,780,12,4,11,38508,Dashboard,Sunglasses
user_id_38058/Dashboard_User_id_38058_NoAudio_1_14,240,18,4,11,38508,Dashboard,Sunglasses
user_id_38058/Dashboard_User_id_38058_NoAudio_1_15,570,11,12,10,38508,Dashboard,Sunglasses
user_id_38058/Dashboard_User_id_38058_NoAudio_1_16,240,18,12,10,38508,Dashboard,Sunglasses
user_id_38058/Dashboard_User_id_38058_NoAudio_1_17,780,10,11,6,38508,Dashboard,Sunglasses
user_id_38058/Dashboard_User_id_38058_NoAudio_1_18,270,18,11,6,38508,Dashboard,Sunglasses
user_id_38058/Dashboard_User_id_38058_NoAudio_1_19,690,6,10,0,38508,Dashboard,Sunglasses
user_id_38058/Dashboard_User_id_38058_NoAudio_1_20,240,18,10,0,38508,Dashboard,Sunglasses
user_id_38058/Dashboard_User_id_38058_NoAudio_1_21,540,0,6,7,38508,Dashboard,Sunglasses
user_id_38058/Dashboard_User_id_38058_NoAudio_1_22,240,18,6,7,38508,Dashboard,Sunglasses
user_id_38058/Dashboard_User_id_38058_NoAudio_1_23,1170,7,0,15,38508,Dashboard,Sunglasses
user_id_38058/Dashboard_User_id_38058_NoAudio_1_24,240,18,0,15,38508,Dashboard,Sunglasses
user_id_38058/Dashboard_User_id_38058_NoAudio_1_25,750,15,7,2,38508,Dashboard,Sunglasses
user_id_38058/Dashboard_User_id_38058_NoAudio_1_26,210,18,7,2,38508,Dashboard,Sunglasses
user_id_38058/Dashboard_User_id_38058_NoAudio_1_27,780,2,15,13,38508,Dashboard,Sunglasses
user_id_38058/Dashboard_User_id_38058_NoAudio_1_28,270,18,15,13,38508,Dashboard,Sunglasses
user_id_38058/Dashboard_User_id_38058_NoAudio_1_29,660,13,2,5,38508,Dashboard,Sunglasses
user_id_38058/Dashboard_User_id_38058_NoAudio_1_30,210,18,2,5,38508,Dashboard,Sunglasses
user_id_38058/Dashboard_User_id_38058_NoAudio_1_31,600,5,13,14,38508,Dashboard,Sunglasses
user_id_38058/Dashboard_User_id_38058_NoAudio_1_32,270,18,13,14,38508,Dashboard,Sunglasses
user_id_38058/Dashboard_User_id_38058_NoAudio_1_33,540,14,5,8,38508,Dashboard,Sunglasses
user_id_38058/Dashboard_User_id_38058_NoAudio_1_34,240,18,5,8,38508,Dashboard,Sunglasses
user_id_38058/Dashboard_User_id_38058_NoAudio_1_35,720,8,14,18,38508,Dashboard,Sunglasses
user_id_38058/Rear_view_User_id_38058_NoAudio_1_1,570,1,8,9,38508,Rear_view,Sunglasses
user_id_38058/Rear_view_User_id_38058_NoAudio_1_2,240,18,8,9,38508,Rear_view,Sunglasses
user_id_38058/Rear_view_User_id_38058_NoAudio_1_3,690,9,1,16,38508,Rear_view,Sunglasses
user_id_38058/Rear_view_User_id_38058_NoAudio_1_4,240,18,1,16,38508,Rear_view,Sunglasses
user_id_38058/Rear_view_User_id_38058_NoAudio_1_5,720,16,9,3,38508,Rear_view,Sunglasses
user_id_38058/Rear_view_User_id_38058_NoAudio_1_6,270,18,9,3,38508,Rear_view,Sunglasses
user_id_38058/Rear_view_User_id_38058_NoAudio_1_7,630,3,16,17,38508,Rear_view,Sunglasses
user_id_38058/Rear_view_User_id_38058_NoAudio_1_8,240,18,16,17,38508,Rear_view,Sunglasses
user_id_38058/Rear_view_User_id_38058_NoAudio_1_9,750,17,3,4,38508,Rear_view,Sunglasses
user_id_38058/Rear_view_User_id_38058_NoAudio_1_10,180,18,3,4,38508,Rear_view,Sunglasses
user_id_38058/Rear_view_User_id_38058_NoAudio_1_11,750,4,17,12,38508,Rear_view,Sunglasses
user_id_38058/Rear_view_User_id_38058_NoAudio_1_12,240,18,17,12,38508,Rear_view,Sunglasses
user_id_38058/Rear_view_User_id_38058_NoAudio_1_13,780,12,4,11,38508,Rear_view,Sunglasses
user_id_38058/Rear_view_User_id_38058_NoAudio_1_14,240,18,4,11,38508,Rear_view,Sunglasses
user_id_38058/Rear_view_User_id_38058_NoAudio_1_15,570,11,12,10,38508,Rear_view,Sunglasses
user_id_38058/Rear_view_User_id_38058_NoAudio_1_16,240,18,12,10,38508,Rear_view,Sunglasses
user_id_38058/Rear_view_User_id_38058_NoAudio_1_17,780,10,11,6,38508,Rear_view,Sunglasses
user_id_38058/Rear_view_User_id_38058_NoAudio_1_18,270,18,11,6,38508,Rear_view,Sunglasses
user_id_38058/Rear_view_User_id_38058_NoAudio_1_19,690,6,10,0,38508,Rear_view,Sunglasses
user_id_38058/Rear_view_User_id_38058_NoAudio_1_20,240,18,10,0,38508,Rear_view,Sunglasses
user_id_38058/Rear_view_User_id_38058_NoAudio_1_21,540,0,6,7,38508,Rear_view,Sunglasses
user_id_38058/Rear_view_User_id_38058_NoAudio_1_22,240,18,6,7,38508,Rear_view,Sunglasses
user_id_38058/Rear_view_User_id_38058_NoAudio_1_23,1170,7,0,15,38508,Rear_view,Sunglasses
user_id_38058/Rear_view_User_id_38058_NoAudio_1_24,240,18,0,15,38508,Rear_view,Sunglasses
user_id_38058/Rear_view_User_id_38058_NoAudio_1_25,750,15,7,2,38508,Rear_view,Sunglasses
user_id_38058/Rear_view_User_id_38058_NoAudio_1_26,210,18,7,2,38508,Rear_view,Sunglasses
user_id_38058/Rear_view_User_id_38058_NoAudio_1_27,780,2,15,13,38508,Rear_view,Sunglasses
user_id_38058/Rear_view_User_id_38058_NoAudio_1_28,270,18,15,13,38508,Rear_view,Sunglasses
user_id_38058/Rear_view_User_id_38058_NoAudio_1_29,660,13,2,5,38508,Rear_view,Sunglasses
user_id_38058/Rear_view_User_id_38058_NoAudio_1_30,210,18,2,5,38508,Rear_view,Sunglasses
user_id_38058/Rear_view_User_id_38058_NoAudio_1_31,600,5,13,14,38508,Rear_view,Sunglasses
user_id_38058/Rear_view_User_id_38058_NoAudio_1_32,270,18,13,14,38508,Rear_view,Sunglasses
user_id_38058/Rear_view_User_id_38058_NoAudio_1_33,540,14,5,8,38508,Rear_view,Sunglasses
user_id_38058/Rear_view_User_id_38058_NoAudio_1_34,240,18,5,8,38508,Rear_view,Sunglasses
user_id_38058/Rear_view_User_id_38058_NoAudio_1_35,720,8,14,18,38508,Rear_view,Sunglasses
user_id_38058/Right_side_window_User_id_38058_NoAudio_1_1,570,1,8,9,38508,Rightside_window,Sunglasses
user_id_38058/Right_side_window_User_id_38058_NoAudio_1_2,240,18,8,9,38508,Rightside_window,Sunglasses
user_id_38058/Right_side_window_User_id_38058_NoAudio_1_3,690,9,1,16,38508,Rightside_window,Sunglasses
user_id_38058/Right_side_window_User_id_38058_NoAudio_1_4,240,18,1,16,38508,Rightside_window,Sunglasses
user_id_38058/Right_side_window_User_id_38058_NoAudio_1_5,720,16,9,3,38508,Rightside_window,Sunglasses
user_id_38058/Right_side_window_User_id_38058_NoAudio_1_6,270,18,9,3,38508,Rightside_window,Sunglasses
user_id_38058/Right_side_window_User_id_38058_NoAudio_1_7,630,3,16,17,38508,Rightside_window,Sunglasses
user_id_38058/Right_side_window_User_id_38058_NoAudio_1_8,240,18,16,17,38508,Rightside_window,Sunglasses
user_id_38058/Right_side_window_User_id_38058_NoAudio_1_9,750,17,3,4,38508,Rightside_window,Sunglasses
user_id_38058/Right_side_window_User_id_38058_NoAudio_1_10,180,18,3,4,38508,Rightside_window,Sunglasses
user_id_38058/Right_side_window_User_id_38058_NoAudio_1_11,750,4,17,12,38508,Rightside_window,Sunglasses
user_id_38058/Right_side_window_User_id_38058_NoAudio_1_12,240,18,17,12,38508,Rightside_window,Sunglasses
user_id_38058/Right_side_window_User_id_38058_NoAudio_1_13,780,12,4,11,38508,Rightside_window,Sunglasses
user_id_38058/Right_side_window_User_id_38058_NoAudio_1_14,240,18,4,11,38508,Rightside_window,Sunglasses
user_id_38058/Right_side_window_User_id_38058_NoAudio_1_15,570,11,12,10,38508,Rightside_window,Sunglasses
user_id_38058/Right_side_window_User_id_38058_NoAudio_1_16,240,18,12,10,38508,Rightside_window,Sunglasses
user_id_38058/Right_side_window_User_id_38058_NoAudio_1_17,780,10,11,6,38508,Rightside_window,Sunglasses
user_id_38058/Right_side_window_User_id_38058_NoAudio_1_18,270,18,11,6,38508,Rightside_window,Sunglasses
user_id_38058/Right_side_window_User_id_38058_NoAudio_1_19,690,6,10,0,38508,Rightside_window,Sunglasses
user_id_38058/Right_side_window_User_id_38058_NoAudio_1_20,240,18,10,0,38508,Rightside_window,Sunglasses
user_id_38058/Right_side_window_User_id_38058_NoAudio_1_21,540,0,6,7,38508,Rightside_window,Sunglasses
user_id_38058/Right_side_window_User_id_38058_NoAudio_1_22,240,18,6,7,38508,Rightside_window,Sunglasses
user_id_38058/Right_side_window_User_id_38058_NoAudio_1_23,1170,7,0,15,38508,Rightside_window,Sunglasses
user_id_38058/Right_side_window_User_id_38058_NoAudio_1_24,240,18,0,15,38508,Rightside_window,Sunglasses
user_id_38058/Right_side_window_User_id_38058_NoAudio_1_25,750,15,7,2,38508,Rightside_window,Sunglasses
user_id_38058/Right_side_window_User_id_38058_NoAudio_1_26,210,18,7,2,38508,Rightside_window,Sunglasses
user_id_38058/Right_side_window_User_id_38058_NoAudio_1_27,780,2,15,13,38508,Rightside_window,Sunglasses
user_id_38058/Right_side_window_User_id_38058_NoAudio_1_28,270,18,15,13,38508,Rightside_window,Sunglasses
user_id_38058/Right_side_window_User_id_38058_NoAudio_1_29,660,13,2,5,38508,Rightside_window,Sunglasses
user_id_38058/Right_side_window_User_id_38058_NoAudio_1_30,210,18,2,5,38508,Rightside_window,Sunglasses
user_id_38058/Right_side_window_User_id_38058_NoAudio_1_31,600,5,13,14,38508,Rightside_window,Sunglasses
user_id_38058/Right_side_window_User_id_38058_NoAudio_1_32,270,18,13,14,38508,Rightside_window,Sunglasses
user_id_38058/Right_side_window_User_id_38058_NoAudio_1_33,540,14,5,8,38508,Rightside_window,Sunglasses
user_id_38058/Right_side_window_User_id_38058_NoAudio_1_34,240,18,5,8,38508,Rightside_window,Sunglasses
user_id_38058/Right_side_window_User_id_38058_NoAudio_1_35,720,8,14,18,38508,Rightside_window,Sunglasses
user_id_49381/Dashboard_user_id_49381_NoAudio_0_1,480,18,18,3,49381,Dashboard,None
user_id_49381/Dashboard_user_id_49381_NoAudio_0_2,540,3,18,1,49381,Dashboard,None
user_id_49381/Dashboard_user_id_49381_NoAudio_0_3,270,18,18,1,49381,Dashboard,None
user_id_49381/Dashboard_user_id_49381_NoAudio_0_4,630,1,3,6,49381,Dashboard,None
user_id_49381/Dashboard_user_id_49381_NoAudio_0_5,270,18,3,6,49381,Dashboard,None
user_id_49381/Dashboard_user_id_49381_NoAudio_0_6,510,6,1,0,49381,Dashboard,None
user_id_49381/Dashboard_user_id_49381_NoAudio_0_7,270,18,1,0,49381,Dashboard,None
user_id_49381/Dashboard_user_id_49381_NoAudio_0_8,690,0,6,14,49381,Dashboard,None
user_id_49381/Dashboard_user_id_49381_NoAudio_0_9,270,18,6,14,49381,Dashboard,None
user_id_49381/Dashboard_user_id_49381_NoAudio_0_10,690,14,0,7,49381,Dashboard,None
user_id_49381/Dashboard_user_id_49381_NoAudio_0_11,270,18,0,7,49381,Dashboard,None
user_id_49381/Dashboard_user_id_49381_NoAudio_0_12,750,7,14,8,49381,Dashboard,None
user_id_49381/Dashboard_user_id_49381_NoAudio_0_13,270,18,14,8,49381,Dashboard,None
user_id_49381/Dashboard_user_id_49381_NoAudio_0_14,510,8,7,12,49381,Dashboard,None
user_id_49381/Dashboard_user_id_49381_NoAudio_0_15,270,18,7,12,49381,Dashboard,None
user_id_49381/Dashboard_user_id_49381_NoAudio_0_16,480,12,8,17,49381,Dashboard,None
user_id_49381/Dashboard_user_id_49381_NoAudio_0_17,270,18,8,17,49381,Dashboard,None
user_id_49381/Dashboard_user_id_49381_NoAudio_0_18,480,17,12,4,49381,Dashboard,None
user_id_49381/Dashboard_user_id_49381_NoAudio_0_19,270,18,12,4,49381,Dashboard,None
user_id_49381/Dashboard_user_id_49381_NoAudio_0_20,690,4,17,13,49381,Dashboard,None
user_id_49381/Dashboard_user_id_49381_NoAudio_0_21,300,18,17,13,49381,Dashboard,None
user_id_49381/Dashboard_user_id_49381_NoAudio_0_22,510,13,4,15,49381,Dashboard,None
user_id_49381/Dashboard_user_id_49381_NoAudio_0_23,270,18,4,15,49381,Dashboard,None
user_id_49381/Dashboard_user_id_49381_NoAudio_0_24,540,15,13,9,49381,Dashboard,None
user_id_49381/Dashboard_user_id_49381_NoAudio_0_25,270,18,13,9,49381,Dashboard,None
user_id_49381/Dashboard_user_id_49381_NoAudio_0_26,750,9,15,16,49381,Dashboard,None
user_id_49381/Dashboard_user_id_49381_NoAudio_0_27,270,18,15,16,49381,Dashboard,None
user_id_49381/Dashboard_user_id_49381_NoAudio_0_28,750,16,9,10,49381,Dashboard,None
user_id_49381/Dashboard_user_id_49381_NoAudio_0_29,270,18,9,10,49381,Dashboard,None
user_id_49381/Dashboard_user_id_49381_NoAudio_0_30,510,10,16,5,49381,Dashboard,None
user_id_49381/Dashboard_user_id_49381_NoAudio_0_31,270,18,16,5,49381,Dashboard,None
user_id_49381/Dashboard_user_id_49381_NoAudio_0_32,540,5,10,11,49381,Dashboard,None
user_id_49381/Dashboard_user_id_49381_NoAudio_0_33,270,18,10,11,49381,Dashboard,None
user_id_49381/Dashboard_user_id_49381_NoAudio_0_34,480,11,5,2,49381,Dashboard,None
user_id_49381/Dashboard_user_id_49381_NoAudio_0_35,270,18,5,2,49381,Dashboard,None
user_id_49381/Dashboard_user_id_49381_NoAudio_0_36,690,2,11,18,49381,Dashboard,None
user_id_49381/Rearview_mirror_user_id_49381_NoAudio_0_1,480,18,2,3,49381,Rear_view,None
user_id_49381/Rearview_mirror_user_id_49381_NoAudio_0_2,540,3,18,1,49381,Rear_view,None
user_id_49381/Rearview_mirror_user_id_49381_NoAudio_0_3,270,18,18,1,49381,Rear_view,None
user_id_49381/Rearview_mirror_user_id_49381_NoAudio_0_4,630,1,3,6,49381,Rear_view,None
user_id_49381/Rearview_mirror_user_id_49381_NoAudio_0_5,270,18,3,6,49381,Rear_view,None
user_id_49381/Rearview_mirror_user_id_49381_NoAudio_0_6,510,6,1,0,49381,Rear_view,None
user_id_49381/Rearview_mirror_user_id_49381_NoAudio_0_7,270,18,1,0,49381,Rear_view,None
user_id_49381/Rearview_mirror_user_id_49381_NoAudio_0_8,690,0,6,14,49381,Rear_view,None
user_id_49381/Rearview_mirror_user_id_49381_NoAudio_0_9,270,18,6,14,49381,Rear_view,None
user_id_49381/Rearview_mirror_user_id_49381_NoAudio_0_10,690,14,0,7,49381,Rear_view,None
user_id_49381/Rearview_mirror_user_id_49381_NoAudio_0_11,270,18,0,7,49381,Rear_view,None
user_id_49381/Rearview_mirror_user_id_49381_NoAudio_0_12,750,7,14,8,49381,Rear_view,None
user_id_49381/Rearview_mirror_user_id_49381_NoAudio_0_13,270,18,14,8,49381,Rear_view,None
user_id_49381/Rearview_mirror_user_id_49381_NoAudio_0_14,510,8,7,12,49381,Rear_view,None
user_id_49381/Rearview_mirror_user_id_49381_NoAudio_0_15,270,18,7,12,49381,Rear_view,None
user_id_49381/Rearview_mirror_user_id_49381_NoAudio_0_16,480,12,8,17,49381,Rear_view,None
user_id_49381/Rearview_mirror_user_id_49381_NoAudio_0_17,270,18,8,17,49381,Rear_view,None
user_id_49381/Rearview_mirror_user_id_49381_NoAudio_0_18,480,17,12,4,49381,Rear_view,None
user_id_49381/Rearview_mirror_user_id_49381_NoAudio_0_19,270,18,12,4,49381,Rear_view,None
user_id_49381/Rearview_mirror_user_id_49381_NoAudio_0_20,720,4,17,13,49381,Rear_view,None
user_id_49381/Rearview_mirror_user_id_49381_NoAudio_0_21,270,18,17,13,49381,Rear_view,None
user_id_49381/Rearview_mirror_user_id_49381_NoAudio_0_22,510,13,4,15,49381,Rear_view,None
user_id_49381/Rearview_mirror_user_id_49381_NoAudio_0_23,270,18,4,15,49381,Rear_view,None
user_id_49381/Rearview_mirror_user_id_49381_NoAudio_0_24,540,15,13,9,49381,Rear_view,None
user_id_49381/Rearview_mirror_user_id_49381_NoAudio_0_25,270,18,13,9,49381,Rear_view,None
user_id_49381/Rearview_mirror_user_id_49381_NoAudio_0_26,750,9,15,16,49381,Rear_view,None
user_id_49381/Rearview_mirror_user_id_49381_NoAudio_0_27,270,18,15,16,49381,Rear_view,None
user_id_49381/Rearview_mirror_user_id_49381_NoAudio_0_28,750,16,9,10,49381,Rear_view,None
user_id_49381/Rearview_mirror_user_id_49381_NoAudio_0_29,270,18,9,10,49381,Rear_view,None
user_id_49381/Rearview_mirror_user_id_49381_NoAudio_0_30,510,10,16,5,49381,Rear_view,None
user_id_49381/Rearview_mirror_user_id_49381_NoAudio_0_31,270,18,16,5,49381,Rear_view,None
user_id_49381/Rearview_mirror_user_id_49381_NoAudio_0_32,540,5,10,11,49381,Rear_view,None
user_id_49381/Rearview_mirror_user_id_49381_NoAudio_0_33,270,18,10,11,49381,Rear_view,None
user_id_49381/Rearview_mirror_user_id_49381_NoAudio_0_34,480,11,5,2,49381,Rear_view,None
user_id_49381/Rearview_mirror_user_id_49381_NoAudio_0_35,270,18,5,2,49381,Rear_view,None
user_id_49381/Rearview_mirror_user_id_49381_NoAudio_0_36,690,2,11,18,49381,Rear_view,None
user_id_49381/Right_window_user_id_49381_NoAudio_0_1,480,18,2,3,49381,Rightside_window,None
user_id_49381/Right_window_user_id_49381_NoAudio_0_2,540,3,18,1,49381,Rightside_window,None
user_id_49381/Right_window_user_id_49381_NoAudio_0_3,270,18,18,1,49381,Rightside_window,None
user_id_49381/Right_window_user_id_49381_NoAudio_0_4,630,1,3,6,49381,Rightside_window,None
user_id_49381/Right_window_user_id_49381_NoAudio_0_5,270,18,3,6,49381,Rightside_window,None
user_id_49381/Right_window_user_id_49381_NoAudio_0_6,510,6,1,0,49381,Rightside_window,None
user_id_49381/Right_window_user_id_49381_NoAudio_0_7,270,18,1,0,49381,Rightside_window,None
user_id_49381/Right_window_user_id_49381_NoAudio_0_8,690,0,6,14,49381,Rightside_window,None
user_id_49381/Right_window_user_id_49381_NoAudio_0_9,270,18,6,14,49381,Rightside_window,None
user_id_49381/Right_window_user_id_49381_NoAudio_0_10,690,14,0,7,49381,Rightside_window,None
user_id_49381/Right_window_user_id_49381_NoAudio_0_11,270,18,0,7,49381,Rightside_window,None
user_id_49381/Right_window_user_id_49381_NoAudio_0_12,750,7,14,8,49381,Rightside_window,None
user_id_49381/Right_window_user_id_49381_NoAudio_0_13,270,18,14,8,49381,Rightside_window,None
user_id_49381/Right_window_user_id_49381_NoAudio_0_14,510,8,7,12,49381,Rightside_window,None
user_id_49381/Right_window_user_id_49381_NoAudio_0_15,270,18,7,12,49381,Rightside_window,None
user_id_49381/Right_window_user_id_49381_NoAudio_0_16,480,12,8,17,49381,Rightside_window,None
user_id_49381/Right_window_user_id_49381_NoAudio_0_17,270,18,8,17,49381,Rightside_window,None
user_id_49381/Right_window_user_id_49381_NoAudio_0_18,480,17,12,4,49381,Rightside_window,None
user_id_49381/Right_window_user_id_49381_NoAudio_0_19,270,18,12,4,49381,Rightside_window,None
user_id_49381/Right_window_user_id_49381_NoAudio_0_20,720,4,17,13,49381,Rightside_window,None
user_id_49381/Right_window_user_id_49381_NoAudio_0_21,270,18,17,13,49381,Rightside_window,None
user_id_49381/Right_window_user_id_49381_NoAudio_0_22,510,13,4,15,49381,Rightside_window,None
user_id_49381/Right_window_user_id_49381_NoAudio_0_23,270,18,4,15,49381,Rightside_window,None
user_id_49381/Right_window_user_id_49381_NoAudio_0_24,540,15,13,9,49381,Rightside_window,None
user_id_49381/Right_window_user_id_49381_NoAudio_0_25,270,18,13,9,49381,Rightside_window,None
user_id_49381/Right_window_user_id_49381_NoAudio_0_26,750,9,15,16,49381,Rightside_window,None
user_id_49381/Right_window_user_id_49381_NoAudio_0_27,270,18,15,16,49381,Rightside_window,None
user_id_49381/Right_window_user_id_49381_NoAudio_0_28,750,16,9,10,49381,Rightside_window,None
user_id_49381/Right_window_user_id_49381_NoAudio_0_29,270,18,9,10,49381,Rightside_window,None
user_id_49381/Right_window_user_id_49381_NoAudio_0_30,510,10,16,5,49381,Rightside_window,None
user_id_49381/Right_window_user_id_49381_NoAudio_0_31,270,18,16,5,49381,Rightside_window,None
user_id_49381/Right_window_user_id_49381_NoAudio_0_32,540,5,10,11,49381,Rightside_window,None
user_id_49381/Right_window_user_id_49381_NoAudio_0_33,270,18,10,11,49381,Rightside_window,None
user_id_49381/Right_window_user_id_49381_NoAudio_0_34,480,11,5,2,49381,Rightside_window,None
user_id_49381/Right_window_user_id_49381_NoAudio_0_35,270,18,5,2,49381,Rightside_window,None
user_id_49381/Right_window_user_id_49381_NoAudio_0_36,690,2,11,18,49381,Rightside_window,None
user_id_49381/Dashboard_user_id_49381_NoAudio_1_1,630,18,2,3,49381,Dashboard,Sunglass
user_id_49381/Dashboard_user_id_49381_NoAudio_1_2,600,3,18,1,49381,Dashboard,Sunglass
user_id_49381/Dashboard_user_id_49381_NoAudio_1_3,270,18,18,1,49381,Dashboard,Sunglass
user_id_49381/Dashboard_user_id_49381_NoAudio_1_4,630,1,3,6,49381,Dashboard,Sunglass
user_id_49381/Dashboard_user_id_49381_NoAudio_1_5,300,18,3,6,49381,Dashboard,Sunglass
user_id_49381/Dashboard_user_id_49381_NoAudio_1_6,540,6,1,0,49381,Dashboard,Sunglass
user_id_49381/Dashboard_user_id_49381_NoAudio_1_7,270,18,1,0,49381,Dashboard,Sunglass
user_id_49381/Dashboard_user_id_49381_NoAudio_1_8,690,0,6,14,49381,Dashboard,Sunglass
user_id_49381/Dashboard_user_id_49381_NoAudio_1_9,270,18,6,14,49381,Dashboard,Sunglass
user_id_49381/Dashboard_user_id_49381_NoAudio_1_10,690,14,0,7,49381,Dashboard,Sunglass
user_id_49381/Dashboard_user_id_49381_NoAudio_1_11,270,18,0,7,49381,Dashboard,Sunglass
user_id_49381/Dashboard_user_id_49381_NoAudio_1_12,750,7,14,8,49381,Dashboard,Sunglass
user_id_49381/Dashboard_user_id_49381_NoAudio_1_13,270,18,14,8,49381,Dashboard,Sunglass
user_id_49381/Dashboard_user_id_49381_NoAudio_1_14,510,8,7,12,49381,Dashboard,Sunglass
user_id_49381/Dashboard_user_id_49381_NoAudio_1_15,270,18,7,12,49381,Dashboard,Sunglass
user_id_49381/Dashboard_user_id_49381_NoAudio_1_16,480,12,8,17,49381,Dashboard,Sunglass
user_id_49381/Dashboard_user_id_49381_NoAudio_1_17,270,18,8,17,49381,Dashboard,Sunglass
user_id_49381/Dashboard_user_id_49381_NoAudio_1_18,480,17,12,4,49381,Dashboard,Sunglass
user_id_49381/Dashboard_user_id_49381_NoAudio_1_19,270,18,12,4,49381,Dashboard,Sunglass
user_id_49381/Dashboard_user_id_49381_NoAudio_1_20,690,4,17,13,49381,Dashboard,Sunglass
user_id_49381/Dashboard_user_id_49381_NoAudio_1_21,270,18,17,13,49381,Dashboard,Sunglass
user_id_49381/Dashboard_user_id_49381_NoAudio_1_22,540,13,4,15,49381,Dashboard,Sunglass
user_id_49381/Dashboard_user_id_49381_NoAudio_1_23,270,18,4,15,49381,Dashboard,Sunglass
user_id_49381/Dashboard_user_id_49381_NoAudio_1_24,540,15,13,9,49381,Dashboard,Sunglass
user_id_49381/Dashboard_user_id_49381_NoAudio_1_25,270,18,13,9,49381,Dashboard,Sunglass
user_id_49381/Dashboard_user_id_49381_NoAudio_1_26,750,9,15,16,49381,Dashboard,Sunglass
user_id_49381/Dashboard_user_id_49381_NoAudio_1_27,270,18,15,16,49381,Dashboard,Sunglass
user_id_49381/Dashboard_user_id_49381_NoAudio_1_28,750,16,9,10,49381,Dashboard,Sunglass
user_id_49381/Dashboard_user_id_49381_NoAudio_1_29,270,18,9,10,49381,Dashboard,Sunglass
user_id_49381/Dashboard_user_id_49381_NoAudio_1_30,510,10,16,5,49381,Dashboard,Sunglass
user_id_49381/Dashboard_user_id_49381_NoAudio_1_31,270,18,16,5,49381,Dashboard,Sunglass
user_id_49381/Dashboard_user_id_49381_NoAudio_1_32,540,5,10,11,49381,Dashboard,Sunglass
user_id_49381/Dashboard_user_id_49381_NoAudio_1_33,270,18,10,11,49381,Dashboard,Sunglass
user_id_49381/Dashboard_user_id_49381_NoAudio_1_34,480,11,5,2,49381,Dashboard,Sunglass
user_id_49381/Dashboard_user_id_49381_NoAudio_1_35,270,18,5,2,49381,Dashboard,Sunglass
user_id_49381/Dashboard_user_id_49381_NoAudio_1_36,690,2,11,18,49381,Dashboard,Sunglass
user_id_49381/Rearview_mirror_user_id_49381_NoAudio_1_1,630,18,2,3,49381,Rear_view,Sunglass
user_id_49381/Rearview_mirror_user_id_49381_NoAudio_1_2,600,3,18,1,49381,Rear_view,Sunglass
user_id_49381/Rearview_mirror_user_id_49381_NoAudio_1_3,270,18,18,1,49381,Rear_view,Sunglass
user_id_49381/Rearview_mirror_user_id_49381_NoAudio_1_4,630,1,3,6,49381,Rear_view,Sunglass
user_id_49381/Rearview_mirror_user_id_49381_NoAudio_1_5,300,18,3,6,49381,Rear_view,Sunglass
user_id_49381/Rearview_mirror_user_id_49381_NoAudio_1_6,540,6,1,0,49381,Rear_view,Sunglass
user_id_49381/Rearview_mirror_user_id_49381_NoAudio_1_7,270,18,1,0,49381,Rear_view,Sunglass
user_id_49381/Rearview_mirror_user_id_49381_NoAudio_1_8,690,0,6,14,49381,Rear_view,Sunglass
user_id_49381/Rearview_mirror_user_id_49381_NoAudio_1_9,270,18,6,14,49381,Rear_view,Sunglass
user_id_49381/Rearview_mirror_user_id_49381_NoAudio_1_10,690,14,0,7,49381,Rear_view,Sunglass
user_id_49381/Rearview_mirror_user_id_49381_NoAudio_1_11,270,18,0,7,49381,Rear_view,Sunglass
user_id_49381/Rearview_mirror_user_id_49381_NoAudio_1_12,750,7,14,8,49381,Rear_view,Sunglass
user_id_49381/Rearview_mirror_user_id_49381_NoAudio_1_13,270,18,14,8,49381,Rear_view,Sunglass
user_id_49381/Rearview_mirror_user_id_49381_NoAudio_1_14,510,8,7,12,49381,Rear_view,Sunglass
user_id_49381/Rearview_mirror_user_id_49381_NoAudio_1_15,270,18,7,12,49381,Rear_view,Sunglass
user_id_49381/Rearview_mirror_user_id_49381_NoAudio_1_16,480,12,8,17,49381,Rear_view,Sunglass
user_id_49381/Rearview_mirror_user_id_49381_NoAudio_1_17,270,18,8,17,49381,Rear_view,Sunglass
user_id_49381/Rearview_mirror_user_id_49381_NoAudio_1_18,480,17,12,4,49381,Rear_view,Sunglass
user_id_49381/Rearview_mirror_user_id_49381_NoAudio_1_19,270,18,12,4,49381,Rear_view,Sunglass
user_id_49381/Rearview_mirror_user_id_49381_NoAudio_1_20,690,4,17,13,49381,Rear_view,Sunglass
user_id_49381/Rearview_mirror_user_id_49381_NoAudio_1_21,270,18,17,13,49381,Rear_view,Sunglass
user_id_49381/Rearview_mirror_user_id_49381_NoAudio_1_22,540,13,4,15,49381,Rear_view,Sunglass
user_id_49381/Rearview_mirror_user_id_49381_NoAudio_1_23,270,18,4,15,49381,Rear_view,Sunglass
user_id_49381/Rearview_mirror_user_id_49381_NoAudio_1_24,540,15,13,9,49381,Rear_view,Sunglass
user_id_49381/Rearview_mirror_user_id_49381_NoAudio_1_25,270,18,13,9,49381,Rear_view,Sunglass
user_id_49381/Rearview_mirror_user_id_49381_NoAudio_1_26,750,9,15,16,49381,Rear_view,Sunglass
user_id_49381/Rearview_mirror_user_id_49381_NoAudio_1_27,270,18,15,16,49381,Rear_view,Sunglass
user_id_49381/Rearview_mirror_user_id_49381_NoAudio_1_28,750,16,9,10,49381,Rear_view,Sunglass
user_id_49381/Rearview_mirror_user_id_49381_NoAudio_1_29,270,18,9,10,49381,Rear_view,Sunglass
user_id_49381/Rearview_mirror_user_id_49381_NoAudio_1_30,510,10,16,5,49381,Rear_view,Sunglass
user_id_49381/Rearview_mirror_user_id_49381_NoAudio_1_31,270,18,16,5,49381,Rear_view,Sunglass
user_id_49381/Rearview_mirror_user_id_49381_NoAudio_1_32,540,5,10,11,49381,Rear_view,Sunglass
user_id_49381/Rearview_mirror_user_id_49381_NoAudio_1_33,270,18,10,11,49381,Rear_view,Sunglass
user_id_49381/Rearview_mirror_user_id_49381_NoAudio_1_34,480,11,5,2,49381,Rear_view,Sunglass
user_id_49381/Rearview_mirror_user_id_49381_NoAudio_1_35,270,18,5,2,49381,Rear_view,Sunglass
user_id_49381/Rearview_mirror_user_id_49381_NoAudio_1_36,690,2,11,18,49381,Rear_view,Sunglass
user_id_49381/Right_window_user_id_49381_NoAudio_1_1,630,18,2,3,49381,Rightside_window,Sunglass
user_id_49381/Right_window_user_id_49381_NoAudio_1_2,600,3,18,1,49381,Rightside_window,Sunglass
user_id_49381/Right_window_user_id_49381_NoAudio_1_3,270,18,18,1,49381,Rightside_window,Sunglass
user_id_49381/Right_window_user_id_49381_NoAudio_1_4,630,1,3,6,49381,Rightside_window,Sunglass
user_id_49381/Right_window_user_id_49381_NoAudio_1_5,300,18,3,6,49381,Rightside_window,Sunglass
user_id_49381/Right_window_user_id_49381_NoAudio_1_6,540,6,1,0,49381,Rightside_window,Sunglass
user_id_49381/Right_window_user_id_49381_NoAudio_1_7,270,18,1,0,49381,Rightside_window,Sunglass
user_id_49381/Right_window_user_id_49381_NoAudio_1_8,690,0,6,14,49381,Rightside_window,Sunglass
user_id_49381/Right_window_user_id_49381_NoAudio_1_9,270,18,6,14,49381,Rightside_window,Sunglass
user_id_49381/Right_window_user_id_49381_NoAudio_1_10,690,14,0,7,49381,Rightside_window,Sunglass
user_id_49381/Right_window_user_id_49381_NoAudio_1_11,270,18,0,7,49381,Rightside_window,Sunglass
user_id_49381/Right_window_user_id_49381_NoAudio_1_12,750,7,14,8,49381,Rightside_window,Sunglass
user_id_49381/Right_window_user_id_49381_NoAudio_1_13,270,18,14,8,49381,Rightside_window,Sunglass
user_id_49381/Right_window_user_id_49381_NoAudio_1_14,510,8,7,12,49381,Rightside_window,Sunglass
user_id_49381/Right_window_user_id_49381_NoAudio_1_15,270,18,7,12,49381,Rightside_window,Sunglass
user_id_49381/Right_window_user_id_49381_NoAudio_1_16,480,12,8,17,49381,Rightside_window,Sunglass
user_id_49381/Right_window_user_id_49381_NoAudio_1_17,270,18,8,17,49381,Rightside_window,Sunglass
user_id_49381/Right_window_user_id_49381_NoAudio_1_18,480,17,12,4,49381,Rightside_window,Sunglass
user_id_49381/Right_window_user_id_49381_NoAudio_1_19,270,18,12,4,49381,Rightside_window,Sunglass
user_id_49381/Right_window_user_id_49381_NoAudio_1_20,690,4,17,13,49381,Rightside_window,Sunglass
user_id_49381/Right_window_user_id_49381_NoAudio_1_21,270,18,17,13,49381,Rightside_window,Sunglass
user_id_49381/Right_window_user_id_49381_NoAudio_1_22,540,13,4,15,49381,Rightside_window,Sunglass
user_id_49381/Right_window_user_id_49381_NoAudio_1_23,270,18,4,15,49381,Rightside_window,Sunglass
user_id_49381/Right_window_user_id_49381_NoAudio_1_24,540,15,13,9,49381,Rightside_window,Sunglass
user_id_49381/Right_window_user_id_49381_NoAudio_1_25,270,18,13,9,49381,Rightside_window,Sunglass
user_id_49381/Right_window_user_id_49381_NoAudio_1_26,750,9,15,16,49381,Rightside_window,Sunglass
user_id_49381/Right_window_user_id_49381_NoAudio_1_27,270,18,15,16,49381,Rightside_window,Sunglass
user_id_49381/Right_window_user_id_49381_NoAudio_1_28,750,16,9,10,49381,Rightside_window,Sunglass
user_id_49381/Right_window_user_id_49381_NoAudio_1_29,270,18,9,10,49381,Rightside_window,Sunglass
user_id_49381/Right_window_user_id_49381_NoAudio_1_30,510,10,16,5,49381,Rightside_window,Sunglass
user_id_49381/Right_window_user_id_49381_NoAudio_1_31,270,18,16,5,49381,Rightside_window,Sunglass
user_id_49381/Right_window_user_id_49381_NoAudio_1_32,540,5,10,11,49381,Rightside_window,Sunglass
user_id_49381/Right_window_user_id_49381_NoAudio_1_33,270,18,10,11,49381,Rightside_window,Sunglass
user_id_49381/Right_window_user_id_49381_NoAudio_1_34,480,11,5,2,49381,Rightside_window,Sunglass
user_id_49381/Right_window_user_id_49381_NoAudio_1_35,270,18,5,2,49381,Rightside_window,Sunglass
user_id_49381/Right_window_user_id_49381_NoAudio_1_36,690,2,11,18,49381,Rightside_window,Sunglass
